"id","name","URL","comment","title_tag","link","created_at","updated_at"

"1","ROFISH SPY","http://starmen.net/badgevatars/avatars/rofishspy.png",,,,"2008-02-14 11:15:52","2008-02-14 11:15:52"

"4","Aces","http://classic.starmen.net/mailbag/aces.gif","For ninja royalty only","Aces!",,"2008-02-15 06:57:38","2008-07-06 18:02:19"

"5","Lenny","http://schatel.com/misc/lennythink.gif","Hrm","*smokes pipe*",,"2008-02-18 10:08:52","2008-02-18 10:08:52"

"6","Reggie Bash","http://","The last stage of the PK SEIGE","BAM!",,"2008-06-24 18:03:33","2008-09-28 13:11:09"

"7","fs","http://starmen.net/forum/badges/fs.gif",,"Fuuu.. kuuu... nagaaa... SNIPE!",,"2008-07-06 13:11:52","2008-07-06 13:11:52"

"8","sexybeam","http://starmen.net/forum/badges/sexybeam.gif",,"PK Sexybeam","http://sexybeam.net","2008-07-06 13:12:35","2008-07-06 13:12:35"

"9","sexybeamgold","http://starmen.net/forum/badges/sexygold.gif",,"PK Sexybeam","http://sexybeam.net","2008-07-06 13:13:16","2008-07-06 13:13:16"

"10","hardtrivia1","http://starmen.net/forum/badges/pht1.gif",,,,"2008-07-06 13:13:55","2008-07-06 13:13:55"

"11","hardtrivia2","http://starmen.net/forum/badges/pht2.gif",,,,"2008-07-06 13:14:14","2008-07-06 13:14:14"

"12","hardtrivia3","http://starmen.net/forum/badges/pht3.gif",,,,"2008-07-06 13:14:28","2008-07-06 13:14:28"

"13","hardtrivia4","http://starmen.net/forum/badges/pht4.gif",,,,"2008-07-06 13:14:39","2008-07-06 13:14:39"

"14","fun","http://starmen.net/forum/badges/fun.gif",,,,"2008-07-06 13:14:51","2008-07-06 13:14:51"

"15","patrick","http://starmen.net/forum/badges/patrick.gif",,,,"2008-07-06 13:15:12","2008-07-06 13:15:12"

"16","ayumi","http://starmen.net/forum/badges/ayumi.gif",,"Ayumi Fan Club! Yay!","http://tomato.fobby.net/2008/12/05/famicom-detective-club-2-video/","2008-07-06 13:16:10","2008-12-16 12:38:00"

"17","easy","http://starmen.net/forum/badges/easybadge.gif",,,,"2008-07-06 13:16:35","2008-07-06 13:16:35"

"18","dragon","http://starmen.net/forum/badges/dragon.gif",,,,"2008-07-06 13:16:49","2008-07-06 13:16:49"

"19","aoe","http://starmen.net/forum/badges/aoe.gif",,,,"2008-07-06 13:17:00","2008-07-06 13:17:00"

"20","aoe50","http://starmen.net/forum/badges/aoe3.gif",,,,"2008-07-06 13:17:11","2008-07-06 13:17:11"

"21","boxes","http://starmen.net/forum/badges/boxesbadge.gif",,"Tomato Boxes Pro!","http://tomato.fobby.net/2008/12/07/tomato-boxes/","2008-07-06 13:17:41","2008-12-16 12:38:15"

"22","donor1","http://starmen.net/forum/badges/donor1.gif","$5 - $10","Green Donor — had donated $5 - $10 to Starmen.Net","http://starmen.net/donation.php","2008-07-06 13:18:53","2010-10-19 17:14:14"

"23","donor2","http://starmen.net/forum/badges/donor2.gif","$10 - $30","Bronze Donor — has donated $10 - $30 to Starmen.Net","http://starmen.net/donation.php","2008-07-06 13:19:43","2010-10-19 17:14:23"

"24","donor3","http://starmen.net/forum/badges/donor3.gif","$30 - $50","Silver Donor — has donated $30 - $50 to Starmen.Net","http://starmen.net/donation.php","2008-07-06 13:20:21","2010-10-19 17:14:34"

"25","donor4","http://starmen.net/forum/badges/donor4.gif","$50 - $100","Gold Donor — has donated $50 - $100 to Starmen.Net","http://starmen.net/donation.php","2008-07-06 13:20:44","2010-10-19 17:14:47"

"26","donor5","http://starmen.net/forum/badges/donor5.gif","$100 +","Platinum Donor — has donated more than $100 to Starmen.Net","http://starmen.net/donation.php","2008-07-06 13:21:19","2010-10-19 17:14:58"

"27","pkhack","http://starmen.net/pkhack/badges/pkhack.png",,"Elite PK Hacker","http://starmen.net/pkhack","2008-07-06 13:22:12","2008-07-06 13:22:12"

"28","eb0hack","http://starmen.net/forum/badges/eb0hack.png",,"EB0 Remake Helper!","http://tomato.fobby.net/eb0","2008-07-06 13:22:43","2008-07-06 13:22:43"

"29","melee","http://starmen.net/forum/badges/melee.gif",,"Fan Melee Butt-Kicker",,"2008-07-06 13:23:14","2008-07-06 13:23:14"

"30","melee2","http://starmen.net/forum/badges/fanmelee2.gif",,,,"2008-07-06 13:23:31","2008-07-06 13:23:31"

"31","melee3","http://starmen.net/forum/badges/meleehammerbadge.gif",,,,"2008-07-06 13:23:49","2008-07-06 13:23:49"

"32","petition1","http://starmen.net/forum/badges/pet3.gif",,"Mother 3 Petition Helper — Gathered 30+ signatures by hand!",,"2008-07-06 13:24:40","2008-07-06 13:24:40"

"33","petition2","http://starmen.net/forum/badges/pet4.gif",,"Mother 3 Petition Helper — Gathered 64-100 signatures by hand!",,"2008-07-06 13:25:05","2008-07-06 13:25:05"

"34","petition3","http://starmen.net/forum/badges/pet1.gif",,"Mother 3 Petition Helper — Gathered 100+ signatures by hand!",,"2008-07-06 13:25:24","2008-07-06 13:25:24"

"35","petition4","http://starmen.net/forum/badges/pet2.gif",,"Mother 3 Petition Helper — Gathered 100+ signatures by hand!",,"2008-07-06 13:25:35","2008-07-06 13:25:35"

"36","funfest","http://starmen.net/forum/badges/ff.gif",,"Funfest Winner — #1 Goodtastic!",,"2008-07-06 13:25:59","2008-07-06 13:25:59"

"37","tofu","http://starmen.net/forum/badges/stofu.gif",,"Strawberry Tofu Fork.",,"2008-07-06 13:26:22","2008-07-06 13:26:22"

"38","plo","http://starmen.net/forum/badges/plobadge.gif",,,,"2008-07-06 13:26:39","2008-07-06 13:26:39"

"39","nerd","http://starmen.net/forum/badges/nerd.gif",,,,"2008-07-06 13:26:49","2008-07-06 13:26:49"

"40","sasquatch","http://starmen.net/forum/badges/sasquatch.gif",,,,"2008-07-06 13:27:07","2008-07-06 13:27:07"

"41","hippie","http://starmen.net/forum/badges/hippiehead.gif",,,,"2008-07-06 13:27:18","2008-07-06 13:27:29"

"42","wampa","http://starmen.net/forum/badges/baku3.gif",,,,"2008-07-06 13:27:51","2008-07-06 13:27:51"

"43","resub","http://starmen.net/forum/badges/resub.png",,"I spent part of my life uploading stuff to Starmen.Net!",,"2008-07-06 13:28:24","2008-07-06 13:28:24"

"44","icon13","http://starmen.net/forum/badges/icon13.gif",,,,"2008-07-06 13:28:39","2008-07-06 13:28:39"

"45","mrtbadge","http://starmen.net/forum/badges/mrtbadge",,"I pity da foo who don't like theories!",,"2008-07-06 13:29:04","2008-07-06 13:29:04"

"46","rules","http://staff.starmen.net/talk/badges/ruleb.png",,"I read the rules!","http://starmen.net/forum/rules","2008-07-06 13:29:46","2008-07-06 13:29:46"

"47","1128","http://starmen.net/forum/badges/1128.gif",,,,"2008-07-06 13:29:56","2008-07-06 13:29:56"

"48","handicap","http://starmen.net/forum/badges/handicap.png",,"Nothing will stop this forumer from achieving greatness. Not even having a gigantic ball butt.",,"2008-07-06 13:30:39","2008-07-06 13:30:39"

"49","artistorm","http://starmen.net/forum/badges/asBadge.png",,"Formidable Surveyee — artistorm.com",,"2008-07-06 13:31:15","2008-07-06 13:32:04"

"50","fortytwo","http://starmen.net/forum/badges/fortytwo.png",,"THE ANSWER IS FORTY-TWO!",,"2008-07-06 13:31:55","2008-07-06 13:31:55"

"51","wallpaper","http://starmen.net/forum/badges/bgcontest.gif",,"Wallpapah Time",,"2008-07-06 13:32:25","2008-07-06 13:32:25"

"52","halloween03","http://starmen.net/forum/badges/hff03b.gif",,"Frankie the Frankfurter: Happy Halloweenie!",,"2008-07-06 13:33:03","2008-07-06 13:33:03"

"53","poe","http://starmen.net/forum/badges/lantern.png",,"I helped PoeTrader out of a jam!",,"2008-07-06 13:33:29","2009-04-22 20:37:23"

"54","fotw","http://starmen.net/badgevatars/badges/b_fotw.png",,"Fanart of the Week Winner! WOOOOOO!","http://starmen.net/fanart/fotw","2008-07-06 13:34:25","2008-07-09 06:38:53"

"55","fanvatar1","http://starmen.net/forum/badges/fanvatar1.png",,"[FANVATAR] I am POTATOE WHICH CREATES LUCKY AVATAR!",,"2008-07-06 13:35:12","2008-07-06 13:35:12"

"56","fanvatar2","http://starmen.net/forum/badges/fanvatar2.png",,"[FANVATAR] I am POWERFUL AVATAR PROPELLER!",,"2008-07-06 13:35:36","2008-07-06 13:35:36"

"57","fanvatar3","http://starmen.net/forum/badges/fanvatar3.png",,"[FANVATAR] I am MAAACHINE!",,"2008-07-06 13:35:57","2008-07-06 13:35:57"

"58","rofishbadge","http://starmen.net/forum/badges/rofishbadge.png",,"ROFISH BBBAAADDDGGGEEE!",,"2008-07-06 13:36:22","2008-07-06 13:36:22"

"59","whitesesame","http://starmen.net/forum/badges/whiteseed.gif",,"I heard the black sesame I used to love is somewhere in this desert!",,"2008-07-06 13:36:57","2008-07-06 13:36:57"

"60","ff","http://starmen.net/forum/badges/ff.png",,"Fuffernutter Funfest Winner",,"2008-07-06 13:37:13","2008-07-06 13:37:13"

"61","walkthrough","http://starmen.net/forum/badges/walk.gif",,"Walkthrough Helper Person",,"2008-07-06 13:37:33","2008-07-06 13:37:33"

"62","whoopa","http://starmen.net/forum/badges/whoopAbadge.png",,"In Memory of WhoopA!",,"2008-07-06 13:38:14","2008-07-06 13:38:14"

"63","halloweenff06bronze","http://starmen.net/forum/badges/halloweenff06_bronze.gif",,"Halloween Funfest 2006 - 3rd Place",,"2008-07-06 13:38:56","2008-07-06 13:38:56"

"64","halloweenff06silver","http://starmen.net/forum/badges/halloweenff06_silver.gif",,"Halloween Funfest 2006 - 2nd Place",,"2008-07-06 13:39:19","2008-07-06 13:39:19"

"65","halloweenff06gold","http://starmen.net/forum/badges/halloweenff06_gold.gif",,"Halloween Funfest 2006 - 1st Place",,"2008-07-06 13:39:42","2008-07-06 13:39:42"

"66","devteam","http://starmen.net/forum/badges/devteam.gif",,"Devteamer!",,"2008-07-06 13:40:09","2008-07-06 13:40:09"

"67","ch1","http://starmen.net/forum/badges/channels1.png",,"Radio PSI Channels - 5 Wins",,"2008-07-06 13:40:39","2008-07-06 13:40:39"

"68","ch2","http://starmen.net/forum/badges/channels2.png",,"Radio PSI Channels - 10 Wins",,"2008-07-06 13:40:55","2008-07-06 13:40:55"

"69","ch3","http://starmen.net/forum/badges/channels3.png",,"Radio PSI Channels - 15 Wins",,"2008-07-06 13:41:11","2008-07-06 13:41:11"

"70","ch4","http://starmen.net/forum/badges/channels4.png",,"Radio PSI Channels - 20+ Wins",,"2008-07-06 13:41:28","2008-07-06 13:41:28"

"71","bannercontest","http://starmen.net/forum/badges/banbadge.png",,"Banner Contest — 1st Place",,"2008-07-06 13:41:54","2008-07-06 13:41:54"

"72","rc1","http://starmen.net/forum/badges/forumbadge_rc_01.gif",,"A Rock Candy 1 Musician",,"2008-07-06 13:43:04","2008-07-06 13:43:04"

"73","rc2","http://starmen.net/forum/badges/forumbadge_rc_02.gif",,"A Rock Candy 2 Musician",,"2008-07-06 13:43:22","2008-07-06 13:43:22"

"74","rc3","http://starmen.net/forum/badges/forumbadge_rc_03.gif",,"A Rock Candy 3 Musician",,"2008-07-06 13:43:36","2008-07-06 13:43:36"

"75","rc4","http://starmen.net/forum/badges/forumbadge_rc_04.gif",,"A Rock Candy 4 Musician",,"2008-07-06 13:43:55","2008-07-06 13:43:55"

"76","rc5","http://starmen.net/forum/badges/forumbadge_rc_05.gif",,"A Rock Candy 5 Musician",,"2008-07-06 13:44:09","2008-07-06 13:44:09"

"77","rc6","http://starmen.net/forum/badges/forumbadge_rc_06.gif",,"A Rock Candy 6 Musician",,"2008-07-06 13:45:24","2008-07-06 13:45:24"

"78","rc7","http://starmen.net/forum/badges/forumbadge_rc_07.gif",,"A Rock Candy 7 Musician",,"2008-07-06 13:45:35","2008-07-06 13:45:35"

"79","rc8","http://starmen.net/forum/badges/forumbadge_rc_08.gif",,"A Rock Candy 8 Musician",,"2008-07-06 13:45:49","2008-07-06 13:45:49"

"80","rc9","http://starmen.net/forum/badges/forumbadge_rc_09.gif",,"A Rock Candy 9 Musician",,"2008-07-06 13:45:58","2008-07-06 13:45:58"

"81","rc10","http://starmen.net/forum/badges/forumbadge_rc_10.gif",,"A Rock Candy 10 Musician",,"2008-07-06 13:46:17","2008-07-06 13:46:17"

"82","rcstarmen","http://starmen.net/forum/badges/forumbadge_rc_starmen.gif",,"A Rock Candy Starmen Musician",,"2008-07-06 13:46:42","2008-07-06 13:46:42"

"83","rcquality","http://starmen.net/forum/badges/forumbadge_rc_quality.gif",,"A Rock Candy Quality Musician",,"2008-07-06 13:47:00","2008-07-06 13:47:00"

"84","rcnotable","http://starmen.net/forum/badges/forumbadge_rc_notable.gif",,"A Rock Candy Notable Musician",,"2008-07-06 13:47:19","2008-07-06 13:47:19"

"85","rclegend","http://starmen.net/forum/badges/forumbadge_rc_legend.gif",,"A Legendary Rock Candy Musician",,"2008-07-06 13:47:43","2008-07-06 13:48:05"

"86","rcstaff","http://starmen.net/forum/badges/forumbadge_rc_staff.gif",,"A Rock Candy Staffer",,"2008-07-06 13:48:41","2008-07-06 13:48:41"

"87","rcold","http://starmen.net/forum/badges/forumbadge_rc_retired.gif",,"A Retired Rock Candy Musician",,"2008-07-06 13:49:18","2008-07-06 13:49:18"

"88","ruby","http://starmen.net/forum/badges/ruby.png",,"Bowf!",,"2008-07-06 13:49:43","2008-07-06 13:49:49"

"89","starman","http://starmen.net/forum/badges/starmanBadge.png",,"Not David Bowie! NOOOooo!",,"2008-07-06 13:50:19","2008-07-06 13:50:19"

"90","starmansuper","http://starmen.net/forum/badges/starmanSuperBadge.png",,"Super Bowie! OOOoooh dang!",,"2008-07-06 13:50:52","2008-07-06 13:50:52"

"91","weezer","http://starmen.net/forum/badges/weezer.png",,"My name's Weepeel",,"2008-07-06 13:51:16","2008-07-06 13:51:16"

"92","blanko","http://starmen.net/forum/badges/blankobadge.png",,"I have badge, really!",,"2008-07-06 13:51:42","2008-07-06 13:51:42"

"93","pasta","http://starmen.net/forum/badges/pasta.png",,"Pastamus Prime!",,"2008-07-06 13:52:03","2008-07-06 13:52:03"

"94","bff1","http://starmen.net/forum/badges/bffone.gif",,"Best Friends Forever with Stevesesy!",,"2008-07-06 13:52:35","2010-07-31 01:10:25"

"95","bff2","http://starmen.net/forum/badges/bfftwo.gif",,"Best Friends Forever with Carparama!",,"2008-07-06 13:52:52","2010-07-31 01:10:44"

"96","chick","http://starmen.net/forum/badges/chick.gif",,"A chick that just hatched.",,"2008-07-06 13:53:50","2008-07-06 13:53:50"

"97","artspot","http://starmen.net/forum/badges/artistspotlight.gif",,"Artist Spotlight Holder!",,"2008-07-06 13:54:33","2008-07-06 13:54:33"

"98","hax","http://starmen.net/pkhack/badges/hax.png",,"TEAM HAXIFORCE!",,"2008-07-06 13:55:16","2008-07-06 13:55:16"

"99","fangamerHCP","http://starmen.net/forum/badges/dpad-whiteOnBlue.png",,"ohhhhh DUDE i TOTALLY made a header for the fangamer blogggg~","http://fangamer.com/blog/2007/11/27/header-contest","2008-07-06 13:56:04","2008-07-06 13:56:04"

"100","fangamerHCW","http://starmen.net/forum/badges/dpad-goldOnBlue.png",,"ohhhhh DUDE i TOTALLY made a header for the fangamer blogggg and reid was like DUDE that is SO SWEET~~~","http://fangamer.com/blog/2007/11/27/header-contest","2008-07-06 13:56:32","2008-07-06 13:56:32"

"101","ghostofstarman","http://starmen.net/forum/badges/gos.png",,"Halloween Funfest 2007 Winnar","http://starmen.net/halloween07/entries","2008-07-06 13:57:32","2008-07-06 13:57:32"

"102","holiday07","http://starmen.net/forum/badges/holiday07badge.png",,"Holiday Funfest 2007 Participant! THE HAPPIEST LITTLE ANGEL OF DEATH HONORS YOUR ARTISTIC SACRIFICE","http://starmen.net/holiday07","2008-07-06 13:58:18","2008-07-06 13:58:18"

"103","foppy","http://starmen.net/forum/badges/foppy.png",,"Holiday Funfest 2007 WINNER WINNER CHICKEN DINNER","http://starmen.net/holiday07","2008-07-06 13:58:50","2008-07-06 13:58:50"

"104","tuben","http://starmen.net/forum/badges/tubenbadge.png",,"PK Tube'N Winticipant Mention!","http://starmen.net/ebsiege/pktuben","2008-07-06 13:59:15","2008-07-06 13:59:15"

"105","brimley","http://starmen.net/forum/badges/oatmeal.png",,"In a world where a renegade band of McDonalds-loving hipsters are tasked with finding trendy and expensive ways to eat oatmeal, spoons are the only means of survival.",,"2008-07-06 13:59:37","2008-07-06 13:59:37"

"106","Shark","http://skulryk.fobby.net/pictures/shark.gif","Continuum sharkbadge","Shark Master",,"2008-07-07 14:10:43","2008-07-07 14:10:43"

"107","Natalie","http://starmen.net/fanart/npbadge1.gif","Given to Stalkers of Natalie Portman","Stalkers need love too!",,"2008-07-09 06:24:41","2008-07-09 06:24:41"

"108","dabr","http://simonbob.fobby.net/dabr.png","I don't get it, what's it for?",,,"2008-07-09 06:44:01","2008-07-09 06:44:01"

"109","sub","http://starmen.net/fanvideos/subgamewinner.png",,"No jalapeno peppers?",,"2008-07-09 06:46:14","2008-07-09 06:46:14"

"110","Who Arted 7 Wins","http://starmen.net/radio/images/whoarted1.gif","Who Arted 7 Wins Red","Who Arted 7 Wins Red","http://starmen.net/radio/segments/","2008-07-09 10:45:38","2010-04-12 01:00:26"

"111","kcahkp","http://starmen.net/pkhack/badges/kcahkp.png",,"gnp.pkhack/segdab/kcahkp/ten.nemrats//:ptth",,"2008-07-09 11:09:34","2008-07-09 11:09:34"

"112","saturnmelee","http://starmen.net/badges/meleesaturnbadge.gif",,,,"2008-07-10 14:13:28","2008-07-10 14:13:58"

"113","foppyking","http://starmen.net/talk/badges/fk.png",,,,"2008-07-10 14:15:20","2008-07-10 14:15:20"

"114","fanvideos","http://starmen.net/fanvideos/fanvideobadge.png",,"Lights, Camera, EARTHBOUND!","http://starmen.net/fanvideos/","2008-07-10 14:18:04","2009-11-17 05:35:25"

"115","MatoBadge","http://tomato.fobby.net/junk/matofro.png",,,,"2008-07-10 17:40:50","2008-07-10 17:40:50"

"116","Sarsie Badge","http://starmen.net/forum/badges/cindy_ryan.gif","THIN D",,"http://nekozomb.fobby.net/miraculum/","2008-07-11 13:10:55","2008-07-11 13:10:55"

"117","dillo","http://ii.fobby.net/forum/dillo.png",,,,"2008-07-20 10:21:16","2009-12-12 00:45:54"

"118","Weezer","http://starmen.net/badgevatars/badges/weezer.png",,,,"2008-07-20 12:41:59","2008-07-20 12:42:11"

"119","DINO RAMPAGE!","http://plo.fobby.net/dinorampage.gif","FEATURING TRUCKOSAURUS!","DINO RAMPAGE!",,"2008-07-20 23:14:12","2008-07-20 23:15:12"

"120","Artemis","http://starmen.net/fanart/artysinat.gif","'Artemis' is 'Sinatra' backwards",,,"2008-07-21 15:39:57","2008-07-21 15:39:57"

"121","Bombermanman","http://plo.fobby.net/bombu3.gif","Bombermanman","Bombermanman",,"2008-07-24 02:51:22","2008-07-24 02:51:22"

"122","robotmafia","http://starmen.net/badgevatars/badges/bender2.png",,"Two Kingdoms Mafia: Robot Mafia wins!",,"2008-09-02 09:45:10","2008-09-02 09:45:36"

"123","mafia","http://starmen.net/badgevatars/badges/mafia.png",,"Two Kingdoms Mafia: Participant",,"2008-09-02 09:49:20","2008-09-02 09:49:20"

"124","Secondwolf","http://forum.starmen.net/forum_attachments/0005/8911/secondplace2.png","2nd place in inaugural Brawl tourney","2nd Place in the Titanic Ant Cup – Wolf vs. God, no items, 3-stock, FINAL DESTINATION",,"2008-09-14 08:11:11","2008-09-14 08:11:11"

"125","halloff08parti","http://starmen.net/badgevatars/badges/halloweenff08parti.gif",,"Halloween Funfest 08 Participant","http://starmen.net/halloween08/","2008-09-22 12:37:40","2008-10-10 09:22:52"

"126","Badges Badge","http://i77.photobucket.com/albums/j47/KatonAkerya/Pixel%20Art/badgesbadge.png","HI RANGER",,,"2008-09-24 21:10:00","2008-11-10 19:44:03"

"127","Logographer","http://starmen.net/reidman/logographer.png","Master Logographer","Master Logographer","http://forum.starmen.net/forum/Fan/Forum/New-Forum-Logos-Icons/page/1/","2008-10-06 01:27:51","2008-10-06 01:27:51"

"128","Old Mato","http://starmen.net/badgevatars/avatars/oldmato.png",,,,"2008-10-18 11:35:13","2008-10-18 11:35:13"

"129","BUG","http://starmen.net/badgevatars/avatars/bug.gif",,,,"2008-10-31 05:04:48","2008-10-31 05:04:48"

"130","Obama","http://starmen.net/badgevatars/badges/obamabadge.png",,"I lost a bet to Falc and all I got was a center-right shill",,"2008-11-05 04:24:14","2009-06-03 13:48:04"

"131","blacksesame","http://starmen.net/badges/invis.gif",,"Black Sesame Seed",,"2008-11-11 23:00:05","2008-11-11 23:00:05"

"132","Brawl Tourney 2","http://starmen.net/badgevatars/badges/smashbrosPIZZA2.png","Mondo Mole Cup","2nd Place in the Mondo Mole Cup – DARNIT LIONROCKER’S MOM WHERE IS MY PIZZA",,"2008-11-14 03:41:12","2008-11-14 03:41:12"

"133","MatoSnake","http://tomato.fobby.net/junk/csmato.png",,,,"2008-11-14 14:26:40","2008-11-14 14:26:40"

"134","Invisiguy","http://starmen.net/badgevatars/badges/invisiguy.gif","Halloween 08 Winner","Halloween Funfest 08 Winner! (Also sports a unibrow)",,"2008-11-16 18:44:29","2008-11-16 18:45:15"

"135","Wess Butt","http://starmen.net/badgevatars/badges/wessbuttwiggle.gif","For that dance contest","I embarrassed myself in public and all I got was this silly badge!",,"2008-11-19 10:06:15","2008-11-19 10:06:48"

"136","Numbers Badge","http://starmen.net/radio/images/numbers_epsilon_c.gif","this badge is stupid and needs to be changed","Numbers",,"2008-12-01 00:04:29","2010-04-13 19:40:07"

"137","holidayff08participant","http://starmen.net/badgevatars/badges/holiday08participant.png",,"Holiday Funfest 08 Participant","http://starmen.net/holiday08/index.html","2008-12-07 22:05:37","2008-12-07 22:05:37"

"138","The Unobtainable Badge","http://starmen.net/badgevatars/badges/unobtainable.gif","Don't give this badge to anybody ♥","Step back, son. You can't have this!",,"2009-01-18 11:18:04","2009-01-18 11:21:04"

"139","Holiday Funfest 08 Winner","http://starmen.net/badgevatars/badges/holiday08winrar.gif",,"Holiday Funfest 2008 Winner? I barely know 'er!","http://starmen.net/holiday08","2009-01-28 14:06:27","2009-01-28 14:07:51"

"140","Who Arted 13 Wins","http://starmen.net/radio/images/whoarted2.gif","13 Glow-in-the-Dark wins on Radio PSI's WHO ARTED?!","Who Arted 13 Wins","http://starmen.net/radio/segments/","2009-02-08 08:50:47","2010-04-12 01:01:01"

"141","Who Arted 17 Wins","http://starmen.net/radio/images/whoarted3.gif","Who Arted 17 wins Neopolitan badge!","Who Arted 17 Wins","http://starmen.net/radio/segments/","2009-02-18 14:54:42","2010-04-12 01:01:27"

"142","Writer's Badge","http://starmen.net/badgevatars/badges/miishallbadge.gif","For people who do the monthly writer's prompts on the Writing board","My Prompt was prompt! :D","http://forum.starmen.net/forum/Fan/Writing","2009-02-24 20:24:10","2009-02-24 20:24:10"

"143","EarthBound Central","http://starmen.net/zomgoldforum/badges/earthboundcentral_badge.png",,"EarthBound Central hurray!","http://earthboundcentral.com","2009-03-08 22:45:20","2009-03-08 22:45:20"

"144","Tomato Boxes Free","http://forum.starmen.net/forum_attachments/0010/9193/tb_badge1.png","Given to those that 5-stared MY GAME. (This decays on April 3rd!)","I helped ROFISH with his game! (Badge will decay April 3rd.)","http://forum.starmen.net/forum/General/Discussion/Tomato-Boxes-for-iPhone-iPod-Touch-Beta-Signups/1271997","2009-03-12 08:31:01","2009-03-12 08:31:01"

"145","Sarsie's Mario","http://sarsie.fobby.net/smb/mario.png",,"Mario Mario",,"2009-03-18 12:26:41","2009-03-18 12:26:41"

"146","Sarsie's Luigi","http://sarsie.fobby.net/smb/luigi.png",,"Luigi Mario",,"2009-03-18 12:27:13","2009-03-18 12:27:13"

"147","Sarsie's Toad","http://sarsie.fobby.net/smb/toad.png",,"Yoshi!",,"2009-03-18 12:27:48","2009-03-18 23:25:28"

"148","Sarsie's Koopa","http://sarsie.fobby.net/smb/koopa.png",,"Koopa",,"2009-03-18 12:28:21","2009-03-18 12:28:21"

"149","Sarsie's Princess Daisy","http://sarsie.fobby.net/smb/princess.png",,"Princess Daisy",,"2009-03-18 13:31:54","2009-03-18 13:31:54"

"150","Sarsie's Goomba","http://sarsie.fobby.net/smb/goomba.png",,"Goomba!",,"2009-03-18 23:09:13","2009-03-18 23:09:13"

"151","Sarsie's Lizard Lady","http://sarsie.fobby.net/smb/lizardlady.png",,"Lizard Lady",,"2009-03-18 23:09:49","2009-03-18 23:09:49"

"152","Sarsie's Krank","http://sarsie.fobby.net/lost/krank-small.png",,"Krank",,"2009-03-18 23:15:18","2009-03-18 23:15:18"

"153","Sarsie's Bertha","http://sarsie.fobby.net/smb/bertha.png",,"Bertha",,"2009-03-19 13:10:46","2009-03-19 13:10:46"

"154","Sarsie's King","http://sarsie.fobby.net/smb/king.png",,"Fungused King",,"2009-03-19 13:40:25","2009-03-19 13:40:25"

"155","Aran Ryan Alyea","http://starmen.net/badgevatars/punchout/aranryan.gif","Aran Ryan Alyea","Aran Ryan Alyea",,"2009-06-11 19:48:05","2009-06-11 19:48:05"

"156","Paul'd Bull","http://starmen.net/badgevatars/punchout/baldbull.gif","Paul'd Bull","Paul'd Bull",,"2009-06-11 19:50:16","2009-06-11 19:50:16"

"157","Bob Hugger","http://starmen.net/badgevatars/punchout/bearhugger.gif","Bob Hugger","Bob Hugger",,"2009-06-11 19:50:38","2009-06-11 19:50:38"

"158","Disco Liz","http://starmen.net/badgevatars/punchout/discoliz.gif","Disco Liz","Disco Liz",,"2009-06-11 19:50:57","2009-06-11 19:50:57"

"159","Doc Louis","http://starmen.net/badgevatars/punchout/doclouis.gif","He can always take a whoopin'!","He can always take a whoopin'!",,"2009-06-11 19:51:47","2009-06-11 19:51:47"

"160","Jon Flamenco","http://starmen.net/badgevatars/punchout/donflamenco.gif","Jon Flamenco","Jon Flamenco",,"2009-06-11 19:52:06","2009-06-11 19:52:06"

"161","Vodka Falkinski","http://starmen.net/badgevatars/punchout/drunkinski.gif","Vodka Falkinski","Vodka Falkinski",,"2009-06-11 19:52:36","2009-06-11 19:52:36"

"162","Glass Joe","http://starmen.net/badgevatars/punchout/glassjoe.gif","Glass Joe","Je gagne!",,"2009-06-11 19:53:54","2009-06-11 19:53:54"

"163","Great Liger","http://starmen.net/badgevatars/punchout/greattiger.gif","Great Liger","Great Liger",,"2009-06-11 19:54:16","2009-06-11 19:54:16"

"164","SLing Hippo","http://starmen.net/badgevatars/punchout/hippolg.gif","SLing Hippo","SLing Hippo",,"2009-06-11 19:54:41","2009-06-11 19:54:41"

"165","squirl","http://starmen.net/badgevatars/punchout/littlemac.gif","squirl","Get it Squirl!",,"2009-06-11 19:58:21","2009-06-11 19:58:21"

"166","Mr. Skulman","http://starmen.net/badgevatars/punchout/mrsandman.gif","Mr. Skulman","Mr. Skulman",,"2009-06-11 19:58:52","2009-06-11 19:58:52"

"167","Piston Chewy","http://starmen.net/badgevatars/punchout/pistonhondo.gif","Piston Chewy","Piston Chewy",,"2009-06-11 19:59:27","2009-06-11 19:59:27"

"168","ShadowRef","http://starmen.net/badgevatars/punchout/ref.gif","ShadowRef","IT'S OVER! IT'S OVER!",,"2009-06-11 19:59:55","2009-06-11 19:59:55"

"169","Super Macho Beager","http://starmen.net/badgevatars/punchout/supermachoman.gif","Super Macho Beager","Super Macho Beager",,"2009-06-11 20:00:31","2009-06-11 20:00:31"

"170","Von Ploser","http://starmen.net/badgevatars/punchout/vonkaiser.gif","Von Ploser","Von Ploser",,"2009-06-11 20:01:03","2009-06-11 20:01:03"

"171","Mr. Bartender","http://starmen.net/badgevatars/punchout/wtfff.png","Dream Spelunker Extraordinaire","Dream Spelunker Extraordinaire",,"2009-06-14 09:52:35","2009-06-15 23:16:28"

"172","colashoes","http://starmen.net/badgevatars/badges/colashoesbadge.png","jones soda and vans!","Shoes and Soda in Perfect Harmony!!",,"2009-06-14 11:25:14","2009-06-14 11:25:14"

"173","Reid's Cheap Pizza","http://starmen.net/badgevatars/badges/pizza.png","Given from Reid's EBFGP GPP2","I saved reid $$$",,"2009-08-01 19:56:27","2009-08-01 19:58:41"

"174","Jeffman's Crappy Mach Pizza","http://starmen.net/badgevatars/badges/mach2.png","Given from Reid's EBFGP GPP2","Failure",,"2009-08-01 19:58:28","2009-08-01 19:58:53"

"175","Carparama's Creepy Pizza","http://starmen.net/badgevatars/badges/machpizza2.png","Given from Reid's EBFGP GPP2","creepy",,"2009-08-01 20:00:29","2009-08-01 20:00:29"

"176","Mr. Fixit","http://local-static0.forum-files.fobby.net/forum_attachments/0014/6650/Car_Icon_Steam.png","Vehicular Repair Man!","Mr. Fixit",,"2009-08-04 19:55:42","2009-08-04 19:55:42"

"177","PSI Flash Beta","http://starmen.net/badgevatars/badges/PSIFlashBeta.png","PSI Flash Beta!","PSI Flash Beta!",,"2009-08-21 18:18:22","2009-08-21 18:23:50"

"178","Ocelot","http://local-static2.forum-files.fobby.net/forum_attachments/0016/8012/emotocelotbadge.gif","Ocelot Badge","You're pretty good!",,"2009-09-01 19:08:40","2009-09-01 19:08:40"

"179","Sarsie's Crazy Man","http://sarsie.fobby.net/junk/crazy-man-badge.png",,"I am the Glorious Pope of New Ostrich!",,"2009-09-13 14:42:46","2009-09-13 14:42:46"

"180","breakdown","http://local-static4.forum-files.fobby.net/forum_attachments/0018/8174/vegetadance.gif",,,,"2009-11-03 23:56:59","2009-11-03 23:56:59"

"181","mewbadge","http://starmen.net/badgevatars/badges/mewbadge.png","for yoshistar because he is generous","How Generous!",,"2009-11-11 13:37:41","2009-11-11 13:39:28"

"182","Hawaiian GB","http://starmen.net/badgevatars/badges/badgeg.gif","Game Boy Cameraaa~",,,"2009-11-12 15:39:18","2009-11-12 15:39:18"

"183","hfdecay09","http://starmen.net/fanvideos/funfest09decay.png","Decay badge for Halloween Funfest 2009 participants.","Boy oh boy I sure am glad I submitted something to the Halloween Funfest!",,"2009-11-17 03:09:19","2009-11-17 03:09:19"

"184","hfwinner09","http://starmen.net/fanvideos/badgevatars/hff09winner.png","Halloween Funfest 2009 Winners","Look at me (I'm a winner)!",,"2009-12-02 00:19:01","2009-12-02 00:19:01"

"185","Who Arted 27 Wins","http://starmen.net/radio/images/whoarted4.gif","Who Arted 27 Wins Plaid","Who Arted 27 Wins Plaid","http://starmen.net/radio/segments/","2010-03-13 19:59:25","2010-04-12 00:54:15"

"186","Women's Small","http://starmen.net/badgevatars/badges/womenssmall.png","Women's Small Badge","Keeping the demand for Women's Small alive.","http://fangamer.net/products/cataclysm-combo-w","2010-04-06 01:07:37","2010-04-06 01:17:03"

"187","Endless Floss Duck","http://starmen.net/badgevatars/badges/endlessflossduck.png","Why won't it stop?! *Quauuugggghhhrrrrccck*","Why won't it stop?! *Quauuugggghhhrrrrccck*",,"2010-04-12 22:06:42","2010-04-12 22:08:48"

"188","Elite Four - Ghost","http://starmen.net/badgevatars/elitefour/artemisE4.png","SM.net's Elite Four",,,"2010-05-11 18:29:41","2010-08-17 17:04:49"

"189","Elite Four - Dragon","http://starmen.net/badgevatars/elitefour/PKAB2.png","SM.net's Elite Four",,,"2010-05-11 18:45:42","2010-05-16 09:25:00"

"190","Elite Four - Fighting","http://starmen.net/badgevatars/elitefour/Andronian.png","SM.net's Elite Four",,,"2010-05-12 18:46:37","2010-05-12 18:46:37"

"191","Elite Four - Ice","http://starmen.net/badgevatars/elitefour/ord.png","Elite Four Member",,,"2010-05-16 08:29:47","2010-05-16 08:29:47"

"192","Ron Paul Badge of Power","http://starmen.net/badgevatars/badges/Ron_Paul.jpg","I will always vote what I have promised, and always vote the Constitution, as well as I will not vote for one single penny that isn't paid for, because debt is the monster, debt is what's going to eat us up and that is why our economy is on the brink. ","I will always vote what I have promised, and always vote the Constitution, as well as I will not vote for one single penny that isn't paid for, because debt is the monster, debt is what's going to eat us up and that is why our economy is on the brink. ",,"2010-05-20 11:14:34","2010-05-20 11:14:34"

"193","OF Prompt Writer","http://ii.fobby.net/forum/writing_badge_30px.png","Decay badge - for participants in the Original Fiction Prompt contest","Original Fiction Prompt Participant!","http://forum.starmen.net/forum/Fan/Writing/EVENT-Original-Short-Fiction-Competition-II-Towers-and-Misfortune/firs","2010-06-17 19:47:32","2010-07-18 23:27:30"

"194","OF Prompt Winner","http://ii.fobby.net/forum/ofp_winner_1.png","For winners of the original fiction prompt competition","I R FICTION PROMPT WINRAR","http://forum.starmen.net/forum/Fan/Writing/","2010-06-20 23:42:03","2010-08-16 01:11:22"

"195","Dr. Hobo's paperbadge","http://starmen.net/badgevatars/avatars/hobo_paper.png","Hunter S. Thompson Award for the Culinary Application of Literature","Dr. Hobo is a man of his word.","http://forum.starmen.net/forum/Fan/Writing/Short-Fiction-Competition-VOTING-THREAD/1598598","2010-06-27 14:20:57","2010-06-27 14:21:28"

"196","Sarsie's Joke Badge of Evil BSA Evilness","http://starmen.net/badgevatars/badges/webelos-tiny.png","Buck Fever's Storytime Badge",,"http://sarsie.fobby.net/junk/weeblesnoozle.png","2010-07-23 16:05:43","2011-02-28 08:37:21"

"197","OF Prompt Winner 2","http://ii.fobby.net/forum/ofp_winner_2.png","For 2-time winners of the prompt contest","Two-time winner of Original Fiction Prompt Contest!","http://forum.starmen.net/forum/Fan/Writing/","2010-08-16 01:11:43","2010-08-16 01:11:59"

"198","boo","http://ii.fobby.net/forum/badges/boo.php?q=empolemew","This badge is invisible if you're EmpoleMew",,,"2010-08-17 18:58:56","2010-08-17 22:23:11"

"199","OF Prompt Winner 3","http://ii.fobby.net/forum/ofp_winner_3.png","For 3+ time winners of the prompt contest","Many times winner of Original Fiction Prompt Contest!","http://forum.starmen.net/forum/Fan/Writing/","2010-08-17 19:00:24","2010-10-05 13:12:55"

"200","Double Rainbow","http://starmen.net/badgevatars/badges/doublerainbow.png","Full on. All the way. Woooooo!!!!","Full on. All the way. Woooooo!!!!","http://www.youtube.com/watch?v=OQSNhk5ICTI","2010-09-08 14:04:39","2010-09-08 14:04:39"

"201","E4Challenger!","http://local-static1.forum-files.fobby.net/forum_attachments/0024/6856/PokeEliteFourBadge.png","For those participating in the Elite Four Challenge","I want to be the Very Best, like no one ever waaaaas!","http://forum.starmen.net/forum/General/BFG/Pokemon-Tournament-Kanto-League-reprise/page/3#post1637185","2010-09-19 19:20:48","2010-09-19 19:27:09"

"202","Elite4WINNER","http://local-static0.forum-files.fobby.net/forum_attachments/0024/8630/Elite4Win.gif","For those who have successfully completed the Elite 4 challenge","You think you can top an ACE-TRAINA?","http://forum.starmen.net/forum/General/BFG/Pokemon-Tournament-Kanto-League-reprise/page/3#post1637185","2010-10-05 22:59:07","2010-10-05 22:59:07"

"203","ebff-10-awesome","http://local-static3.forum-files.fobby.net/forum_attachments/0024/9923/ebff10-awesome.png","EarthBound Fanfest 2010 Awesome Badge","EarthBound Fanfest 2010 - I made an awesome entry. DEAL WITH IT.","http://forum.starmen.net/forum/CurrentEvent/EBFF2010/Categories-and-Prizes/page/1#post1667637","2010-10-19 17:11:57","2010-10-20 07:11:12"

"204","ebff-10-urf","http://local-static1.forum-files.fobby.net/forum_attachments/0024/9926/ebff10-urf.png","EarthBound Fanfest 2010 Urfbownd Badge","EarthBound Fanfest 2010 - I made an EarthBoundy submission. I sincerely hope it moved you to tears..","http://forum.starmen.net/forum/CurrentEvent/EBFF2010/Categories-and-Prizes/page/1#post1667637","2010-10-19 17:21:01","2010-10-20 07:11:23"

"205","ebff-10-love","http://local-static3.forum-files.fobby.net/forum_attachments/0024/9933/ebff10-love.gif","EarthBound Fanfest 2010 Love Badge","EarthBound Fanfest 2010 - I made a lovely entry. WOULD YOU LIKE TO SEE MY DRAWRINGS?","http://forum.starmen.net/forum/CurrentEvent/EBFF2010/Categories-and-Prizes/page/1#post1667637","2010-10-19 17:22:07","2010-10-20 07:11:33"

"206","ebff-10-gppwin","http://local-static3.forum-files.fobby.net/forum_attachments/0025/2473/ness.gif","For EBFanFest2010 GPP Winners!","Earthbound Fanfest 2010 - GPP WIN! Fuzzy Pickles ain't got nothin on me.","http://forum.starmen.net/forum/CurrentEvent/EBFF2010/Categories-and-Prizes/page/1#post1667637","2010-11-18 23:41:34","2010-11-18 23:41:34"

"207","Badge Maker!","http://local-static4.forum-files.fobby.net/forum_attachments/0025/4064/ebbadge2.png","Give to those to make a Badge for the site on request.","What an Exquisite Badge!",,"2010-11-18 23:52:28","2010-11-19 00:01:41"

"208","Lumine Hall Proposal","http://starmen.net/badgevatars/avatars/Lumine_Hall_Proposal.gif","“How did you do that?” “I’m smart.” “No you’re not that smart!”","“How did you do that?” “I’m smart.” “No you’re not that smart!”","http://www.ustream.tv/recorded/11167317","2010-11-30 13:36:14","2010-11-30 13:42:16"

"209","Mini-Steve","http://starmen.net/badgevatars/badges/ministev.png","Stevesesy's badges","Honey, I Shrunk The Badges",,"2011-02-23 17:24:15","2011-02-23 17:24:15"

"210","Level 99 Badge","http://local-static2.forum-files.fobby.net/forum_attachments/0036/8427/AniEVE.gif","(limited time) For all those who have trained everyone to level 99 in Mother 1!","Level 99 in Mother say WHAAAT?",,"2011-03-20 23:40:48","2014-08-04 23:27:54"

"211","Grrrrreat OP!","http://local-static3.forum-files.fobby.net/forum_attachments/0026/8273/Tony.jpg","Give to those who make great opening posts!","Grrrrreat OP!","http://forum.starmen.net/forum/Site/Discussion/The-Great-OP-They-re-Grrrrrrrreeeaaat/page/1#post1726204","2011-04-11 22:41:33","2011-04-11 22:41:33"

"212","Pilotwing Flash Fic","http://local-static2.forum-files.fobby.net/forum_attachments/0026/9282/Pilotwing.png","For HockeyMonkey's contest for writing like the wind!","My fiction soars above Desert lands.",,"2011-04-17 08:57:09","2011-04-17 08:58:20"

"213","Broney & Proud","http://starmen.net/badgevatars/avatars/bronies4life.png","Falcon24 & SimonBob are Bronies 4 Life","Falcon24 & SimonBob are Bronies 4 Life","http://www.youtube.com/watch?v=xSrBbsSu4XI","2011-04-20 14:10:54","2011-04-21 10:29:31"

"214","PuRennur","http://local-static0.forum-files.fobby.net/forum_attachments/0027/0605/AniPuRennur.gif","For the Runners up of the Mother 1 2011 fanfest","Pu-Rennur Tsefnaf Rehtom","http://forum.starmen.net/forum/CurrentEvent/eb0fanfest11/WE-ARE-THE-CHAMPIONS-For-the-first-time/page/1#post1733305","2011-04-29 22:17:30","2011-04-30 10:38:29"

"215","The World of Mother","http://local-static3.forum-files.fobby.net/forum_attachments/0027/0898/earthspin.gif","For Grand Prize winners of the Mother 1 2011 fanfest.","Mother Fanfest Grand Prize Winner!","http://forum.starmen.net/forum/CurrentEvent/eb0fanfest11/WE-ARE-THE-CHAMPIONS-For-the-first-time/page/1#post1733305","2011-04-29 22:22:23","2011-04-30 10:20:27"

"216","The Gentleman's Badge","http://local-static0.forum-files.fobby.net/forum_attachments/0027/0940/Gentlemen.png","Give to those who make Reasonable, well-thought out, and warm-hearted posts.","Good Day to you, Sir.",,"2011-04-30 08:09:11","2011-04-30 08:09:11"

"217","AprilGroucho","http://local-static3.forum-files.fobby.net/forum_attachments/0026/6698/BeaglePuss.png","For people who helped out in the Mother 2011 Fanfest","I fell for it! April Fools 2012",,"2011-04-30 10:14:25","2011-04-30 10:14:25"

"218","Spyden is Avatar/Badge Czar","http://i.imgur.com/ABdEA.gif","I blame HockeyMonkey for this","Look into my eyes and tremble.",,"2011-04-30 10:53:40","2011-04-30 10:53:40"

"219","Game Swag","http://local-static4.forum-files.fobby.net/forum_attachments/0027/1074/gameswag_small.png","Game Swag hooray!","Game Swag","http://gameswag.com","2011-05-01 10:38:08","2011-05-01 10:38:08"

"220","Nt4rift STAR","http://starmen.net/radio/images/badges/nt4rift-star.gif",,"Ringtone Maestro","http://starmen.net/radio/segments/","2011-05-09 23:08:49","2012-11-23 13:16:48"

"221","Nt4rift 5","http://starmen.net/radio/images/badges/nt4rift-05.gif",,"5 Name the Thing the Ring is from Thing wins!","http://starmen.net/radio/segments/","2011-05-09 23:12:15","2012-12-15 21:39:13"

"222","Nt4rift 10","http://starmen.net/radio/images/badges/nt4rift-10.gif",,"10 Name the Thing the Ring is from Thing wins!","http://starmen.net/radio/segments/","2011-05-09 23:13:19","2012-12-15 21:39:07"

"223","Nt4rift 15","http://starmen.net/radio/images/badges/nt4rift-15.gif",,"15 Name the Thing the Ring is from Thing wins!","http://starmen.net/radio/segments/","2011-05-09 23:14:18","2012-12-15 21:38:42"

"224","Nt4rift Cellton John","http://starmen.net/radio/images/badges/nt4rift-CelltonJohn.png","Because Tansunn is just this awesome.","Ringtone Maestro","http://starmen.net/radio/segments/","2011-05-09 23:17:30","2012-12-15 21:38:29"

"225","MOTHER2 Riddles 1 Win","http://local-static0.forum-files.fobby.net/forum_attachments/0027/1420/battybadge.png","for winning the monthly Trivia contest in the EB/M2 forum","Bastion of Riddles! Winner of EB/M2 trivia!",,"2011-06-03 08:35:40","2014-12-01 01:55:22"

"226","Frong Badge","http://local-static0.forum-files.fobby.net/forum_attachments/0027/6685/Frong.png","King of Frongs! (ask Suttercane)","King of Frongs!",,"2011-06-28 23:34:52","2011-06-28 23:35:25"

"227","THE RAGE","http://i.imgur.com/6Wn02.gif","THE RAGE","THE RAGE",,"2011-08-04 04:34:31","2011-08-04 04:34:31"

"228","Writing Bootcamp 2011","http://local-static4.forum-files.fobby.net/forum_attachments/0028/3494/iaza15499718346900.png","Writing Bootcamp 2011 Survivor","Writing Bootcamp ’11 Survivor",,"2011-08-14 23:12:30","2011-10-04 19:12:06"

"229","SMCon 2011","http://local-static3.forum-files.fobby.net/forum_attachments/0027/9828/flipatv.png","UtahCon","Tippin' Con 2011",,"2011-08-24 18:10:55","2011-08-24 18:10:55"

"230","Aviczar","http://local-static1.forum-files.fobby.net/forum_attachments/0028/1086/aviczar.gif","I AM AVATAR CZAR (The mark METC left on uberCMS)","I AM AVATAR CYZAR","http://en.wikipedia.org/wiki/Nicholas_II","2011-08-31 17:06:09","2012-02-10 13:56:36"

"231","fanvatar4","http://local-static3.forum-files.fobby.net/forum_attachments/0028/3548/manimaniavatarbadge.gif","So I can tell who has the fourth stage","[FANVATAR] I am MAAACHINE! (and I get an avvie)",,"2011-09-16 20:19:04","2011-10-29 19:40:33"

"232","Golden Medley - Gold","http://starmen.net/radio/images/badges/golden_medley-gold.png",,"Name That Tune Finalist","http://starmen.net/radio/segments/","2011-10-10 18:27:38","2012-12-15 21:38:07"

"233","Golden Medley - Multicolor","http://starmen.net/radio/images/badges/golden_medley-multicolor.png",,"Name That Tune Winner!","http://starmen.net/radio/segments/","2011-10-10 18:28:55","2012-12-15 21:38:12"

"234","Golden Medley - Fancy","http://starmen.net/radio/images/badges/golden_medley-fancy.gif",,"Golden Medley Winner","http://starmen.net/radio/segments/","2011-10-10 18:29:38","2012-12-15 21:38:18"

"235","PK Hack v2.0","http://starmen.net/pkhack/badges/pkhaxv2.png","version 2.0","i am a l33t pk hax0r","http://starmen.net/pkhack/","2011-10-23 17:04:51","2011-10-23 17:06:48"

"236","FOTM (Fanfic) (October 2011)","http://local-static4.forum-files.fobby.net/forum_attachments/0028/6379/Fanfic_Badge_1_small.png",,"Fanfiction of the Month October ’11","http://starmen.net/vote/vote.php?id=31161","2011-11-07 13:01:05","2011-12-12 06:42:21"

"237","5x Theory Hall of Fame","http://starmen.net/articles/theories/Octobadge.gif","When you get 5 wins for Theory of the Week","AW YEAH 5 TIMES WINNER OF THEORY OF THE WEEK","http://starmen.net/articles/theories/","2011-11-09 09:45:00","2011-11-09 09:45:00"

"238","Who Arted - 37 Wins","http://starmen.net/radio/images/badges/who_arted-37.gif",,"Who Arted King Nyan Cat","http://starmen.net/radio/segments/","2011-11-11 22:42:01","2012-12-15 21:38:24"

"239","RPPA Badge #1","http://starmen.net/radio/images/badges/treasure_hunt-1.png",,"The Radio PSI Participation Award","http://starmen.net/radio/segments/","2011-11-11 23:12:17","2012-12-15 21:37:54"

"240","RPPA Badge #2","http://starmen.net/radio/images/badges/treasure_hunt-2.png",,"The Radio PSI Participation Award","http://starmen.net/radio/segments/","2011-11-11 23:12:24","2012-11-23 22:44:32"

"241","RPPA Badge #3","http://starmen.net/radio/images/badges/treasure_hunt-3.png",,"The Radio PSI Participation Award","http://starmen.net/radio/segments/","2011-11-11 23:12:35","2012-12-15 21:37:44"

"242","RPPA Badge #4","http://starmen.net/radio/images/badges/treasure_hunt-4.png",,"The Radio PSI Participation Award","http://starmen.net/radio/segments/","2011-11-11 23:12:43","2012-12-15 21:37:38"

"243","RPPA Badge #5","http://starmen.net/radio/images/badges/treasure_hunt-shiny.gif",,"The Radio PSI Participation Award","http://starmen.net/radio/segments/","2011-11-11 23:12:51","2012-12-15 21:37:30"

"244","PK Hack LP Bronze","http://local-static1.forum-files.fobby.net/forum_attachments/0028/8061/lp_bronze.png","completed one let's play of a hack or fangame","I completed a Let’s Play about a hack/fan game and all I got was this lousy badge!",,"2011-11-21 09:35:18","2011-11-21 09:35:18"

"245","PK Hack LP Silver","http://local-static4.forum-files.fobby.net/forum_attachments/0028/8064/lp_silver.png","completed three let's plays of a hack or fangame","I completed three Let’s Plays about some hacks/fan games and now my badge is silver!",,"2011-11-21 09:49:53","2011-11-21 09:49:53"

"246","PK Hack LP Gold","http://local-static2.forum-files.fobby.net/forum_attachments/0028/8067/lp_gold.png","completed five let's plays of a hack or fangame","I completed five Let’s Plays about some hacks/fan games and now I am a Let’s Play Grand Champion!",,"2011-11-21 09:51:01","2011-11-21 09:51:01"

"247","EBFF 2011 Submitter","http://starmen.net/badgevatars/badges/ebff2011.png","I submitted to the 2011 EarthBound Fanfest!","I submitted to the 2011 EarthBound Fanfest!",,"2011-11-27 20:38:48","2011-11-27 20:38:48"

"248","1st Strongest Mole","http://starmen.net/badgevatars/badges/ebff2011_mole1.png","1st Strongest Mole in the 2011 EarthBound Fanfest!","1st Strongest Mole in the 2011 EarthBound Fanfest!",,"2011-11-27 20:40:52","2011-11-27 20:40:52"

"249","2nd Strongest Mole","http://starmen.net/badgevatars/badges/ebff2011_mole2.png","2nd Strongest Mole in the 2011 EarthBound Fanfest!","2nd Strongest Mole in the 2011 EarthBound Fanfest!",,"2011-11-27 20:41:51","2011-11-27 20:41:51"

"250","3rd Strongest Mole","http://starmen.net/badgevatars/badges/ebff2011_mole3.png","3rd Strongest Mole in the 2011 EarthBound Fanfest!","3rd Strongest Mole in the 2011 EarthBound Fanfest!",,"2011-11-27 20:42:18","2011-11-27 20:42:18"

"251","HockeyMonkey Appeasement Decay","http://dl.dropbox.com/u/3784170/Icons/badge2.gif","award when hockey says so","Johnny Blaze!",,"2011-12-01 17:57:47","2011-12-01 17:58:52"

"252","FOTM (Fanfic) (November 2011)","http://local-static4.forum-files.fobby.net/forum_attachments/0028/6379/Fanfic_Badge_1_small.png","it's the fanfiction of November 2011","Fanfiction of the Month November ’11","http://starmen.net/vote/vote.php?id=33478","2011-12-12 06:40:37","2011-12-12 06:42:37"

"253","Dolewasher","http://starmen.net/fanvideos/dolewasher.gif",,"DOLEWASHER",,"2011-12-20 10:19:56","2011-12-20 10:19:56"

"254","Fanfiction Reviewer Badge","http://local-static1.forum-files.fobby.net/forum_attachments/0029/0791/reviewbadge.png","Submit 5 or more reviews on Fanfiction","I'm the Roger Ebert of Fanfiction!",,"2011-12-27 07:19:56","2011-12-27 07:19:56"

"255","FOTM (Fanfic) (March 2012)","http://local-static4.forum-files.fobby.net/forum_attachments/0028/6379/Fanfic_Badge_1_small.png","it's the fanfiction of March 2012","Fanfiction of the Month March ’12","http://starmen.net/vote/vote.php?id=33977","2012-01-02 19:50:03","2012-07-11 16:47:47"

"256","MoleFiction","http://local-static1.forum-files.fobby.net/forum_attachments/0029/2201/Mole_Playing_Rough.gif","Awarded for winning the theory contest during the Dusty Dunes Desert leg of EB Fanfest 2011","MoleFiction is the way of the future!",,"2012-01-04 20:58:28","2012-01-04 20:58:28"

"257","Ponsesy Participation","http://local-static4.forum-files.fobby.net/forum_attachments/0029/2219/358722w_1_.jpg","Participation Badge for Stevesesy-to-Pony Art Collab","Dear Princess Celestia: I’m so alone","http://forum.starmen.net/forum/Fan/Forum/ART-COLLAB-Stevesesy-Ponies/page/1/","2012-01-04 21:52:23","2012-01-21 12:32:54"

"258","Ego Orb Origin Story","http://starmen.net/badgevatars/badges/orbcool.png",,"Cool Ego Orb story bro.","Cool Ego Orb story bro.","2012-01-06 20:54:10","2012-01-06 20:54:10"

"259","Guess the Foppies","http://starmen.net/badgevatars/badges/bSnSq.png","Power of 100! リ￣ロ￣リ","Power of 100! リ￣ロ￣リ",,"2012-01-06 21:13:44","2012-01-07 10:15:20"

"260","Kanto League Champion!","http://local-static1.forum-files.fobby.net/forum_attachments/0029/3261/Badge_Case.gif","Badge for the Starmen.net Pokemon touranment league which ran from 2009-2012","Starmen.net Kanto League Champion!",,"2012-01-16 22:03:04","2012-01-16 22:03:04"

"261","stevesesy's pony","http://local-static4.forum-files.fobby.net/forum_attachments/0029/2219/358722w_1_.jpg","stevesesy gets a special pony badge","My Little Stevesesy: Drawing is magic","http://forum.starmen.net/forum/Fan/Forum/ART-COLLAB-Stevesesy-Ponies/page/1/","2012-01-21 07:50:12","2012-01-21 07:50:12"

"262","SimonBob the Pony Master","http://i41.tinypic.com/11vtbtf.jpg",,"SimonBob the Pony Master",,"2012-01-24 19:08:25","2012-01-24 19:08:25"

"263","The Fluke Fluke","http://local-static0.forum-files.fobby.net/forum_attachments/0028/7915/flukes.gif","make a 10-fluke splash!","Fluke Machine!",,"2012-01-26 18:02:56","2012-08-17 17:35:14"

"264","FOTM (Fanfic) (June 2012)","http://local-static4.forum-files.fobby.net/forum_attachments/0028/6379/Fanfic_Badge_1_small.png","it's the fanfiction of June 2012","Fanfiction of the Month June ’12","http://starmen.net/vote/vote.php?id=34377","2012-02-07 07:58:44","2012-07-02 18:16:09"

"265","7x Theory Hall of Fame","http://starmen.net/articles/theories/Octobadge2.gif","When you get 5 wins for Theory of the Week","HOLY COW 7 THEORY OF THE WEEK WINS","http://starmen.net/articles/theories/","2012-02-09 16:37:22","2012-02-09 16:37:22"

"266","sarsie's bee badge","http://sarsie.fobby.net/junk/bee-badge.png","Bzzzzzzzzzzz","Bzzzzzzzzzzz",,"2012-02-10 20:52:05","2012-02-10 20:52:05"

"267","April Fool's 2012 1-sig","http://i.imgur.com/7p5Za.gif","1 signatures for the bass fishing petition",,,"2012-03-26 15:23:18","2012-04-08 06:30:53"

"268","April Fool's 2012 5-sigs","http://i.imgur.com/oWU80.gif","5 signatures for the bass fishing petition",,,"2012-03-26 15:23:58","2012-04-08 06:31:05"

"269","April Fool's 2012 15-sigs","http://i.imgur.com/45uWJ.gif","15 signatures for the bass fishing petition",,,"2012-03-26 15:25:43","2012-04-08 06:31:14"

"270","April Fool's 2012 Art Submit","http://i.imgur.com/17IEZ.png","Submit Art for the bass fishing petition","Hoy small fry!",,"2012-03-26 15:26:15","2012-04-08 06:27:26"

"271","Not-Sarsie's Bee Badge","http://local-static0.forum-files.fobby.net/forum_attachments/0029/9105/001799945127.png","Awarded to Shaon (ketchupface) for her educational bee posts for ","What’s the deal with bees, Shaon",,"2012-03-28 14:07:01","2012-03-28 14:08:43"

"272","PRC Participation","http://local-static4.forum-files.fobby.net/forum_attachments/0029/9349/Untitled.png","PRC Participation Badge","Lvl1 Yam Helper","http://forum.starmen.net/forum/currentevent/prc/","2012-04-04 15:09:09","2012-04-04 15:09:09"

"273","PRC Involvement","http://local-static0.forum-files.fobby.net/forum_attachments/0029/9255/Baked_Yammonster_no_hair.png","PRC Participation Lvl2 Badge","Yam with a promotion","http://forum.starmen.net/forum/currentevent/prc/","2012-04-04 15:10:07","2012-04-04 15:10:07"

"274","PRC Dedication","http://local-static0.forum-files.fobby.net/forum_attachments/0029/9355/Untitled.png","PRC Participation Lvl3 Badge","Next in Yam, Heir to the Yam","http://forum.starmen.net/forum/currentevent/prc/","2012-04-04 15:11:39","2012-04-04 15:11:39"

"275","PRC Above and Beyond","http://local-static4.forum-files.fobby.net/forum_attachments/0029/9279/1107160.gif","PRC Participation Lvl255 Badge","The ultimate in Yam technology","http://forum.starmen.net/forum/currentevent/prc/","2012-04-04 15:12:49","2012-04-04 15:12:49"

"276","Chompy","http://local-static3.forum-files.fobby.net/forum_attachments/0030/1383/chompy_mod.gif","METC's All-Purpose Appreciation Badge, to be used sparingly at most","It's a Chomp. You've heard about Chomps before, I'm sure.",,"2012-04-21 13:48:53","2012-05-03 19:24:34"

"277","Funkatastic Fest Funktastic Thank You","http://local-static1.forum-files.fobby.net/forum_attachments/0030/2051/Icon_small.png",,"Funkatastic Fest Funktastic Thank You",,"2012-05-01 17:12:38","2012-05-01 17:12:38"

"278","Funktastic Fest Funktastic Contests","http://local-static0.forum-files.fobby.net/forum_attachments/0030/1595/jimmy_v2_2.png",,"Funktastic Fest Funktastic Contests",,"2012-05-01 17:12:39","2012-05-01 17:12:39"

"279","Funktastic Fest Funktastic Fanstuff","http://local-static4.forum-files.fobby.net/forum_attachments/0029/9589/3-Pronged_Duster.gif",,"Funktastic Fest Funktastic Fanstuff",,"2012-05-01 17:12:41","2012-05-01 17:12:41"

"280","delete this badge","!http://local-static3.forum-files.fobby.net/forum_attachments/0030/3738/Untitled.png!","why isn't there a way to delete badges",,,"2012-05-03 16:40:45","2012-05-09 15:12:51"

"281","Falcon Dunk","http://starmen.net/badgevatars/badges/faldunk.gif","blame aangie","FALCON DUNNNNK",,"2012-05-03 20:19:26","2012-05-03 20:19:26"

"282","Engagement","http://local-static4.forum-files.fobby.net/forum_attachments/0030/5204/ring.png","Stevesesy & Dr. Hobo = OTP","HE SAID YES AGAIN",,"2012-05-24 12:37:10","2014-04-14 20:54:27"

"283","The Sparkles","http://local-static0.forum-files.fobby.net/forum_attachments/0030/8495/RartooDeetoo.png","Sparkledog participants","Dear Princess Celestia: This is the WORST. POSSIBLE. BADGE!","http://forum.starmen.net/forum/Fan/Forum/Meme-Activity-SPARKLEDOGS","2012-06-26 05:47:44","2012-07-23 20:05:16"

"284","CoilSnake","http://local-static3.forum-files.fobby.net/forum_attachments/0030/6348/coilsnakebadge.gif","Mr. Tenda's advances in EB Hacking technology","Given as thanks for the creation of CoilSnake","http://forum.starmen.net/forum/Community/PKHack/CoilSnake-v1-0-Cool-Fish-Type-Edition/first","2012-07-01 15:10:20","2012-07-01 15:10:20"

"285","Writing Bootcamp '12","http://local-static0.forum-files.fobby.net/forum_attachments/0029/6230/bootcampbadge.png","Writing Bootcamp 2: Electric Boogaloo","Writing Bootcamp ’12 Survivor",,"2012-07-09 16:54:49","2012-07-09 16:54:49"

"286","Shake","http://i.imgur.com/7eTNh.png","For fuckwits","HEY CUP","http://i.imgur.com/7eTNh.png","2012-08-16 21:20:30","2012-09-22 13:20:10"

"287","Frylock","http://i.imgur.com/puZN5.png","For fuckwits","Fryman.",,"2012-08-16 21:21:44","2012-09-22 13:20:20"

"288","Meatwad","http://i.imgur.com/1XLC7.jpg","For fuckwits","Meat Drank",,"2012-08-16 21:22:18","2012-09-22 13:20:37"

"289","Carl","http://i.imgur.com/FDVTg.jpg","For fuckwits","I DON'T NEED NO INSTRUCTIONS TO KNOW HOW TO ROCK",,"2012-08-16 21:22:48","2012-09-22 13:20:35"

"290","sephylove","http://starmen.net/images/be.png","Future Bros of America Club","Future Bros of America Club",,"2012-08-20 14:35:09","2012-08-20 14:35:09"

"291","Starmen.net Art Boot Camp 2012 Single Participation","http://local-static2.forum-files.fobby.net/forum_attachments/0031/0122/Badge_Frame_1.png","Participated and Submitted to at least 1 week of the Boot Camp","One-Shot Wonder","http://starmen.net/fanart/community/Bootcamp2012/index.php","2012-09-02 10:18:34","2012-09-07 21:03:22"

"292","Starmen.net Art Boot Camp 2012 Total Participation","http://local-static0.forum-files.fobby.net/forum_attachments/0031/0125/Badge_Ani.gif","Participated and Submitted to all 5 weeks of the Boot Camp","Your art simply comes to life!","http://starmen.net/fanart/community/Bootcamp2012/index.php","2012-09-02 10:18:36","2012-09-07 21:03:19"

"293","Fart","f",,,,"2012-09-22 12:44:41","2012-09-22 12:45:10"

"294","Reid is a Jinjo","http://local-static0.forum-files.fobby.net/forum_attachments/0031/9480/jiggymation.gif","given to entrants in the reid is a jinjo contest because why the hell not","and what is up with banjo, he looks like a creepy middle-aged dude who keeps finding excuses to take his shirt off in an attempt to impress young people","http://forum.starmen.net/forum/Fan/Forum/COLLAB-REID-IS-A-JINJO/first","2012-10-11 23:47:08","2012-10-11 23:47:08"

"295","Halloween Funfest 1st Place","http://starmen.net/misc/SwampThingBadge3.gif","1st place badge","1st Place Halloween Funfest ’12",,"2012-11-26 10:05:45","2012-11-26 22:29:34"

"296","Halloween Funfest 2nd Place","http://starmen.net/misc/LilUFOStrings2.gif","2nd place badge","2nd Place Halloween Funfest ’12",,"2012-11-26 10:06:17","2012-11-26 22:30:07"

"297","Halloween Funfest 3rd Place","http://starmen.net/misc/bloodandonauts.png","3rd place badge","3rd Place Halloween Funfest ’12",,"2012-11-26 10:06:54","2012-11-26 22:30:06"

"298","Holiday Funfest 2012 2nd Place","http://local-static2.forum-files.fobby.net/forum_attachments/0032/9317/jumpingbunny.gif","2nd place badge","2nd Place Holiday Funfest ’12 Winner","http://forum.starmen.net/forum/Site/Newsroom/406026339/1910130","2012-11-28 22:26:28","2013-01-15 08:29:27"

"299","Holiday Funfest 2012 1st Place","http://local-static0.forum-files.fobby.net/forum_attachments/0032/9320/jumpingbunnysnow.gif","1st place badge","1st Place Holiday Funfest ’12 Winner","http://forum.starmen.net/forum/Site/Newsroom/406026339/1910130","2012-11-28 22:26:29","2013-01-15 08:29:04"

"300","Holiday Funfest 2012 3rd Place","http://local-static1.forum-files.fobby.net/forum_attachments/0032/3781/twitchingbunny.gif","3rd place badge","3rd Place Holiday Funfest ’12 Winner","http://forum.starmen.net/forum/Site/Newsroom/406026339/1910130","2012-11-28 22:26:31","2013-01-12 22:18:52"

"301","Secret Santa Lord","http://local-static3.forum-files.fobby.net/forum_attachments/0032/6423/GDJmit07b7hnDitu3_QG2WHcecYUh9VgrKN8XCOcm5k.png","KissOfCamine is the best because she's been doing secret santa for a while so she gets this","Conductor of Generosity",,"2012-12-13 21:26:54","2012-12-13 21:26:54"

"302","Holiday Funfest 2012 Overall Place","http://local-static3.forum-files.fobby.net/forum_attachments/0032/9323/jumpingbunny_golden.gif","Overall place badge","Overall Holiday Funfest ’12 Winner","http://forum.starmen.net/forum/Site/Newsroom/406026339/1910130","2013-01-12 22:18:59","2013-01-15 08:28:40"

"303","Monthly Writing Challenge 1","http://local-static3.forum-files.fobby.net/forum_attachments/0037/5213/writingbadge1.png","3 Wins",,"http://forum.starmen.net/forum/Fan/Forum/Need-A-New-Series-of-Badges/page/1#post1911530","2013-01-22 15:05:57","2014-10-22 21:47:22"

"304","Monthly Writing Challenge 2","http://local-static1.forum-files.fobby.net/forum_attachments/0037/5216/writingbadge2.png","5 Wins",,"http://forum.starmen.net/forum/Fan/Forum/Need-A-New-Series-of-Badges/page/1#post1911530","2013-01-22 15:06:29","2014-10-22 21:47:34"

"305","Monthly Writing Challenge 3","http://local-static4.forum-files.fobby.net/forum_attachments/0037/5219/writingbadge3.png","10 Wins",,"http://forum.starmen.net/forum/Fan/Forum/Need-A-New-Series-of-Badges/page/1#post1911530","2013-01-22 15:06:52","2014-10-22 21:47:43"

"306","$5 Minecraft Donation for Falc","http://local-static1.forum-files.fobby.net/forum_attachments/0033/6756/new5badge.png","Falc's Modded Mincraft Server Donation Badge $5","Dirt Donator -- Donated $5-$10 to Fangamer Modded Minecraft","http://forum.starmen.net/forum/General/BFG/Fangamer-Modded-Minecraft-Official-Server-Thread","2013-05-07 19:41:46","2013-05-13 08:43:18"

"307","$10 Minecraft Donation for Falc","http://local-static4.forum-files.fobby.net/forum_attachments/0033/6759/new10badge.png","Falc's Modded Mincraft Server Donation Badge $10","Coal Donator -- Donated $10-$25 to Fangamer Modded Minecraft","http://forum.starmen.net/forum/General/BFG/Fangamer-Modded-Minecraft-Official-Server-Thread","2013-05-07 19:41:49","2013-05-13 08:44:26"

"308","$25 Minecraft Donation for Falc","http://local-static2.forum-files.fobby.net/forum_attachments/0033/6762/new25badge.png","Falc's Modded Mincraft Server Donation Badge $25","Iron Donator -- Donated $25-$50 to Fangamer Modded Minecraft","http://forum.starmen.net/forum/General/BFG/Fangamer-Modded-Minecraft-Official-Server-Thread","2013-05-07 19:41:52","2013-05-13 08:45:05"

"309","$50 Minecraft Donation for Falc","http://local-static3.forum-files.fobby.net/forum_attachments/0033/6768/new50badgeani.gif","Falc's Modded Mincraft Server Donation Badge $50","Gold Donator -- Donated $50-$100 to Fangamer Modded Minecraft","http://forum.starmen.net/forum/General/BFG/Fangamer-Modded-Minecraft-Official-Server-Thread","2013-05-07 19:41:55","2013-05-13 08:45:32"

"310","$100 Minecraft Donation for Falc","http://local-static1.forum-files.fobby.net/forum_attachments/0033/6771/new100badgeani.gif","Falc's Modded Mincraft Server Donation Badge $100","Diamond Donator -- Donated $100 or more to Fangamer Modded Minecraft","http://forum.starmen.net/forum/General/BFG/Fangamer-Modded-Minecraft-Official-Server-Thread","2013-05-07 19:41:57","2013-05-13 08:45:50"

"311","Starmen.net Art Boot Camp 2013 Single Participation","http://local-static3.forum-files.fobby.net/forum_attachments/0034/0758/Dali_s_Clock.png","Participated and Submitted to at least 1 week of the Boot Camp","Made at least one boot and one camp","http://forum.starmen.net/forum/Storage/bootcamp2013/","2013-08-30 19:47:03","2013-08-30 19:47:03"

"312","Starmen.net Art Boot Camp 2013 Total Participation","http://local-static1.forum-files.fobby.net/forum_attachments/0034/0761/DaliAnimated.gif","Participated and Submitted to all 5 weeks of the Boot Camp","There's so much art it's melting onto the floor!","http://forum.starmen.net/forum/Storage/bootcamp2013/","2013-08-30 19:47:05","2013-08-30 19:47:05"

"313","Writing Bootcamp '13","http://local-static1.forum-files.fobby.net/forum_attachments/0033/3676/bootcamp.png","I survived Writing Bootcamp ’13","I survived Writing Bootcamp ’13",,"2013-09-02 20:49:19","2013-09-02 20:49:19"

"314","Christopher Robin is Evil","http://local-static3.forum-files.fobby.net/forum_attachments/0034/6668/chris1.png","oh well","silly ol' bear",,"2013-09-02 21:18:07","2013-10-29 11:59:09"

"315","Fantography Monthly Challenge Winner","http://starmen.net/fantography/PHotobadge.png","One-time winner of the Fantography Challenge","Fantography Monthly Challenge Winner",,"2013-10-29 09:40:38","2013-10-29 10:56:53"

"316","Buck's Czar Badge","http://local-static3.forum-files.fobby.net/forum_attachments/0036/8448/Badge.png","Buck abuses his new Czar power","Badge Czar and MOTHER/EarthBound merchandise collector!",,"2013-10-29 10:55:00","2014-08-05 00:43:26"

"317","MOTHER2 Riddles 2 Wins","http://local-static0.forum-files.fobby.net/forum_attachments/0034/9810/MOTHER2Riddles2Wins.png","Twice Times winner of the MOTHER2 Riddles","I solved two MOTHER2 riddles!",,"2013-10-29 11:31:52","2013-10-29 11:31:52"

"318","MOTHER2 Riddles 3+ Wins","http://local-static3.forum-files.fobby.net/forum_attachments/0034/9813/MOTHER2Riddles3wins.png","Winner of 3 or more MOTHER2 Riddles","I am a MOTHER2 Riddle master!",,"2013-10-29 11:33:01","2013-10-29 11:33:01"

"319","The world is quiet here","http://local-static3.forum-files.fobby.net/forum_attachments/0034/9843/V.F.D..png","Secret Forum VFD Game","Victorious Forum Decoration",,"2013-10-29 18:00:40","2013-12-02 03:07:14"

"320","Sky Family Reunion 2014","http://local-static2.forum-files.fobby.net/forum_attachments/0036/0797/skyfamilyreunion2014getmemedon.png","Awarded to Sky family members at PAX 2014","Sky Family Reunion 2014 ",,"2013-11-06 21:25:02","2014-04-14 20:56:57"

"321","MOTHER3 Riddles Winner","http://local-static1.forum-files.fobby.net/forum_attachments/0034/9971/m3riddlebronze.png",,"I get an Ultimate Chimera for winning the Mother 3 Riddles!",,"2013-12-01 12:54:08","2013-12-01 16:47:16"

"322","MOTHER3 Riddles Winner X2","http://local-static4.forum-files.fobby.net/forum_attachments/0034/9974/m3riddlesilver.png",,"Two wins makes my Ultimate Chimera turn silver!",,"2013-12-01 12:54:44","2013-12-01 12:54:44"

"323","MOTHER3 Riddles Winner X3","http://local-static2.forum-files.fobby.net/forum_attachments/0034/9977/m3riddlegold.png",,"A Golden Ultimate Chimera for my many victories in the M3 riddles!",,"2013-12-01 12:55:34","2014-12-01 01:52:30"

"324","Secret Forum VFD Game Organizer","http://local-static1.forum-files.fobby.net/forum_attachments/0035/1801/VFD.png",,"The World is Quiet Here",,"2013-12-02 03:12:58","2013-12-02 03:12:58"

"325","Halloween Funfest 2013 1st Place","http://local-static0.forum-files.fobby.net/forum_attachments/0035/3105/SilverHalloween3.png",,"I spooked so hard I burst into 1st place in the Halloween Funfest of 2013!",,"2013-12-26 18:06:36","2013-12-26 18:09:54"

"326","Halloween Funfest 2013 2nd Place","http://local-static2.forum-files.fobby.net/forum_attachments/0035/3102/SilverHalloween2.png",,"2nd Place winner in the totally spooktacular Halloween Funfest of 2013!",,"2013-12-26 18:11:03","2013-12-26 18:11:03"

"327","Halloween Funfest 2013 3rd Place","http://local-static4.forum-files.fobby.net/forum_attachments/0035/3099/SilverHalloween1.png",,"3rd Place Winner of the 2013 Halloween Funfest. Too scared. I'm moving to Canada.",,"2013-12-26 18:12:50","2013-12-26 18:12:50"

"328","Halloween Funfest 2013 Overall 3rd","http://local-static1.forum-files.fobby.net/forum_attachments/0035/3111/silverhalloween1ani.gif",,"Placed 3rd Overall in the Halloween Funfest of 2013! The third spookiest dog!",,"2013-12-26 18:33:16","2013-12-26 18:33:16"

"329","Halloween Funfest 2013 Overall 2nd","http://local-static4.forum-files.fobby.net/forum_attachments/0035/3114/SilverHalloween2ani.gif",,"Placed 2nd Overall in the Halloween Funfest of 2013! I'm a spooky scary skeleton!",,"2013-12-26 18:35:10","2013-12-26 18:35:10"

"330","Halloween Funfest 2013 Overall 1st","http://local-static0.forum-files.fobby.net/forum_attachments/0035/3120/SilverHalloween3ani.gif",,"Placed 1st Overall in the Halloween Funfest of 2013! The King of Scares!",,"2013-12-26 18:36:03","2013-12-26 18:36:03"

"331","Hamtaro Stamp Toyota Corolla","http://local-static2.forum-files.fobby.net/forum_attachments/0035/3242/hammsadt.gif","Given to Derek Rose's girlfriend because he's abusing his power","Buck Fever's Snuggly Girlfriend",,"2013-12-30 04:01:00","2014-10-13 01:42:42"

"332","ZAWA RRPS Star Count 00","http://local-static2.forum-files.fobby.net/forum_attachments/0035/3437/ZZZZ_Star_Badge_0.png","incoming wall of badges, sorry buck",,,"2014-01-01 17:16:58","2014-01-01 17:30:43"

"333","ZAWA RRPS Star Count 01","http://local-static0.forum-files.fobby.net/forum_attachments/0035/3440/ZZZZ_Star_Badge_1.png",,,,"2014-01-01 17:17:44","2014-01-01 17:30:47"

"334","ZAWA RRPS Star Count 02","http://local-static4.forum-files.fobby.net/forum_attachments/0035/3554/ZZZZ_Star_Badge_2.png",,,,"2014-01-01 17:17:56","2014-01-01 21:31:10"

"335","ZAWA RRPS Star Count 03","http://local-static1.forum-files.fobby.net/forum_attachments/0035/3446/ZZZZ_Star_Badge_3.png",,,,"2014-01-01 17:18:07","2014-01-01 17:30:55"

"336","ZAWA RRPS Star Count 04","http://local-static4.forum-files.fobby.net/forum_attachments/0035/3449/ZZZZ_Star_Badge_4.png",,,,"2014-01-01 17:18:18","2014-01-01 17:30:59"

"337","ZAWA RRPS Star Count 05","http://local-static2.forum-files.fobby.net/forum_attachments/0035/3452/ZZZZ_Star_Badge_5.png",,,,"2014-01-01 17:18:31","2014-01-01 17:31:02"

"338","ZAWA RRPS Star Count 06","http://local-static0.forum-files.fobby.net/forum_attachments/0035/3455/ZZZZ_Star_Badge_6.png",,,,"2014-01-01 17:18:50","2014-01-01 17:31:07"

"339","ZAWA RRPS Star Count 07","http://local-static3.forum-files.fobby.net/forum_attachments/0035/3458/ZZZZ_Star_Badge_7.png",,,,"2014-01-01 17:19:21","2014-01-01 17:31:10"

"340","ZAWA RRPS Star Count 08","http://local-static1.forum-files.fobby.net/forum_attachments/0035/3461/ZZZZ_Star_Badge_8.png",,,,"2014-01-01 17:19:30","2014-01-01 17:31:13"

"341","ZAWA RRPS Star Count 09","http://local-static4.forum-files.fobby.net/forum_attachments/0035/3464/ZZZZ_Star_Badge_9.png",,,,"2014-01-01 17:19:41","2014-01-01 17:31:17"

"342","ZAWA RRPS Card Count 00","http://local-static2.forum-files.fobby.net/forum_attachments/0035/3467/ZZZZ_Card_Count_0.gif",,,,"2014-01-01 17:20:05","2014-01-01 17:30:03"

"343","ZAWA RRPS Card Count 01","http://local-static0.forum-files.fobby.net/forum_attachments/0035/3470/ZZZZ_Card_Count_1.gif",,,,"2014-01-01 17:20:18","2014-01-01 17:30:08"

"344","ZAWA RRPS Card Count 02","http://local-static3.forum-files.fobby.net/forum_attachments/0035/3473/ZZZZ_Card_Count_2.gif",,,,"2014-01-01 17:20:37","2014-01-01 17:30:12"

"345","ZAWA RRPS Card Count 03","http://local-static1.forum-files.fobby.net/forum_attachments/0035/3476/ZZZZ_Card_Count_3.gif",,,,"2014-01-01 17:20:52","2014-01-01 17:30:16"

"346","ZAWA RRPS Card Count 04","http://local-static4.forum-files.fobby.net/forum_attachments/0035/3479/ZZZZ_Card_Count_4.gif",,,,"2014-01-01 17:22:30","2014-01-01 17:30:20"

"347","ZAWA RRPS Card Count 05","http://local-static2.forum-files.fobby.net/forum_attachments/0035/3482/ZZZZ_Card_Count_5.gif",,,,"2014-01-01 17:26:24","2014-01-01 17:30:25"

"348","ZAWA RRPS Card Count 06","http://local-static0.forum-files.fobby.net/forum_attachments/0035/3485/ZZZZ_Card_Count_6.gif",,,,"2014-01-01 17:26:35","2014-01-01 17:30:28"

"349","ZAWA RRPS Card Count 07","http://local-static3.forum-files.fobby.net/forum_attachments/0035/3488/ZZZZ_Card_Count_7.gif",,,,"2014-01-01 17:26:51","2014-01-01 17:30:32"

"350","ZAWA RRPS Card Count 08","http://local-static1.forum-files.fobby.net/forum_attachments/0035/3491/ZZZZ_Card_Count_8.gif",,,,"2014-01-01 17:27:05","2014-01-01 17:30:36"

"351","ZAWA RRPS Card Count 09","http://local-static4.forum-files.fobby.net/forum_attachments/0035/3494/ZZZZ_Card_Count_9.gif",,,,"2014-01-01 17:27:22","2014-01-01 17:30:40"

"352","ZAWA RRPS Card Count 10","http://local-static2.forum-files.fobby.net/forum_attachments/0035/3497/ZZZZ_Card_Count_10.gif",,,,"2014-01-01 17:27:35","2014-01-01 17:27:35"

"353","ZAWA RRPS Card Count 11","http://local-static0.forum-files.fobby.net/forum_attachments/0035/3500/ZZZZ_Card_Count_11.gif",,,,"2014-01-01 17:27:51","2014-01-01 17:27:51"

"354","ZAWA RRPS Card Count 12","http://local-static3.forum-files.fobby.net/forum_attachments/0035/3503/ZZZZ_Card_Count_12.gif",,,,"2014-01-01 17:28:06","2014-01-01 17:28:06"

"355","ZAWA RRPS Card Count 13","http://local-static1.forum-files.fobby.net/forum_attachments/0035/3506/ZZZZ_Card_Count_13.gif",,,,"2014-01-01 17:28:23","2014-01-01 17:28:23"

"356","ZAWA RRPS Card Count 14","http://local-static4.forum-files.fobby.net/forum_attachments/0035/3509/ZZZZ_Card_Count_14.gif",,,,"2014-01-01 17:28:33","2014-01-01 17:28:33"

"357","ZAWA RRPS Card Count 15","http://local-static2.forum-files.fobby.net/forum_attachments/0035/3512/ZZZZ_Card_Count_15.gif",,,,"2014-01-01 17:28:44","2014-01-01 17:28:44"

"358","ZAWA RRPS Card Count 16","http://local-static0.forum-files.fobby.net/forum_attachments/0035/3515/ZZZZ_Card_Count_16.gif",,,,"2014-01-01 17:28:55","2014-01-01 17:28:55"

"359","ZAWA RRPS Card Count 17","http://local-static4.forum-files.fobby.net/forum_attachments/0035/3634/ZZZZ_Card_Count_17.gif",,,,"2014-01-03 03:10:32","2014-01-03 03:10:32"

"360","Kokana","http://local-static1.forum-files.fobby.net/forum_attachments/0035/3691/kokanabadge.png","Awarded for Kokana","Kokana Appreciation Badge",,"2014-01-04 02:23:30","2014-01-04 02:23:30"

"361","ZAWA RRPS Card Count 26","http://local-static4.forum-files.fobby.net/forum_attachments/0035/6029/ZZZZ_Card_Count_26.gif",,,,"2014-01-31 21:15:33","2014-01-31 21:15:33"

"362","ZAWA RRPS Winner","http://local-static3.forum-files.fobby.net/forum_attachments/0035/6248/Zawa_Winner.gif",,"Smashed Scissors with my Rock and now I'm making Paper","http://local-static3.forum-files.fobby.net/forum_attachments/0035/6258/I_WON.mp3","2014-02-02 04:26:01","2014-02-02 04:51:08"

"363","ZAWA RRPS Loser","http://local-static1.forum-files.fobby.net/forum_attachments/0035/6251/ZAWA_ZAWA.png",,"Back to the mines","http://local-static4.forum-files.fobby.net/forum_attachments/0035/6254/ZAWA.mp3","2014-02-02 04:28:04","2014-02-02 04:28:04"

"364","King of Spreadsheets","http://local-static0.forum-files.fobby.net/forum_attachments/0035/6255/King_Of_Spreadsheets.png","Xyrad was right and I was not","I was right. I'm the king of spreadsheets",,"2014-02-02 04:36:19","2014-02-02 04:36:19"

"365","Giygas 10 Theories badge","http://local-static4.forum-files.fobby.net/forum_attachments/0035/6884/Giygas_Theory_Badge.png","Awarded for submitting to 10 Theories prompts","Giygas is a Big Mac","http://starmen.net/articles/theories/","2014-03-01 20:49:06","2014-03-01 20:49:06"

"366","Radio PSI - Iron Mon","http://starmen.net/radio/images/badges/iron_mon.png",,"Been on Radio PSI roughly forever","http://starmen.net/radio/downloads/archives.php","2014-03-18 10:36:56","2014-03-19 11:03:41"

"367","Radio PSI - Newbie","http://starmen.net/radio/images/badges/buddy.gif",,"Newcomer to Radio PSI",,"2014-03-19 11:03:13","2014-03-19 11:03:13"

"368","Radio PSI - 1 year","http://starmen.net/radio/images/badges/1year.gif",,"Radio PSI DJ",,"2014-03-19 11:04:22","2014-03-19 11:04:22"

"369","Radio PSI - 3 Years","http://starmen.net/radio/images/badges/3years.png",,"Long-time Radio PSI DJ",,"2014-03-19 11:05:43","2014-03-19 11:05:43"

"370","Radio PSI - 5 years","http://starmen.net/radio/images/badges/5years.gif",,"Stalwart Radio PSI DJ",,"2014-03-19 11:06:13","2014-03-19 11:06:13"

"371","Writing Bootcamp 2014","http://local-static1.forum-files.fobby.net/forum_attachments/0035/8521/Icy.png","I survived Writing Bootcamp ’14!","I survived Writing Bootcamp ’14!",,"2014-07-08 22:17:57","2014-07-08 22:17:57"

"372","M25FF Lovely Award","http://local-static4.forum-files.fobby.net/forum_attachments/0036/6499/lovely.gif","The entry with the most heart.","I ε> Mother and Mother ε>s me.","http://forum.starmen.net/forum/CurrentEvent/twentyfivemom/Contest-Categories-Prizes/2005075","2014-07-14 15:46:56","2014-07-14 17:43:47"

"373","M25FF Motherly Award","http://local-static3.forum-files.fobby.net/forum_attachments/0036/6493/motherly2.gif","The entry which best evokes the spirit of Mother.","My love of Mother makes the World go around.","http://forum.starmen.net/forum/CurrentEvent/twentyfivemom/Contest-Categories-Prizes/page/1#post2005075","2014-07-14 15:49:27","2014-07-14 15:49:27"

"374","M25FF Funky Award","http://local-static2.forum-files.fobby.net/forum_attachments/0036/6457/mother25thFunky.gif","The coolest, freshest, funkiest entry in the club.","Fanfest? Funfest? More like FUNKfest.","http://forum.starmen.net/forum/CurrentEvent/twentyfivemom/Contest-Categories-Prizes/page/1#post2005075","2014-07-14 15:50:49","2014-07-14 17:44:35"

"375","M25FF Participation Award","http://local-static4.forum-files.fobby.net/forum_attachments/0036/6484/mother25thparticipation.png","Participated in Mother 25th Anniversary Funfest","I helped celebrate a quarter century of AWESOME.","http://forum.starmen.net/forum/CurrentEvent/twentyfivemom/Contest-Categories-Prizes/page/1#post2005075","2014-07-14 15:52:18","2014-07-14 15:52:18"

"376","BFFF Participation","http://local-static3.forum-files.fobby.net/forum_attachments/0036/6463/bass1.gif","Participation award","The ParticiBASStion award",,"2014-07-14 16:41:36","2014-07-14 16:41:36"

"377","BFFF 1st","http://local-static2.forum-files.fobby.net/forum_attachments/0036/6472/bass1st.gif","1st place","Prized Gold Fish",,"2014-07-14 16:45:32","2014-07-14 16:45:32"

"378","BFFF 2nd","http://local-static0.forum-files.fobby.net/forum_attachments/0036/6475/bass2nd.gif","2nd place","Spectacular Silver Scaled Specimen",,"2014-07-14 16:46:56","2014-07-14 16:46:56"

"379","BFFF 3rd","http://local-static3.forum-files.fobby.net/forum_attachments/0036/6478/bass3rd.gif","3rd place","Someone BASSted my BASSt.",,"2014-07-14 17:34:25","2015-01-19 16:00:26"

"380","Holiday FF 13 Category 1st","http://local-static4.forum-files.fobby.net/forum_attachments/0035/9674/snowman_gold.png",,"Please don't eat me! Remember, don't eat the yellow snow!","http://forum.starmen.net/forum/Site/Newsroom/406029371","2014-07-22 10:44:38","2014-07-22 11:05:15"

"381","Holiday FF 13 Category 2nd","http://local-static1.forum-files.fobby.net/forum_attachments/0035/9671/snowman_silver.png",,"There’s no such thing as a silver snowman, the victory is in your heart!","forum.starmen.net/forum/Site/Newsroom/406029371/","2014-07-22 10:59:51","2014-07-22 11:05:07"

"382","Holiday FF 13 Category 3rd","http://local-static3.forum-files.fobby.net/forum_attachments/0035/9668/snowman_bronze.png",,"I got 3rd place just so that I could eat chocolate snow.","forum.starmen.net/forum/Site/Newsroom/406029371/","2014-07-22 11:00:28","2014-07-22 11:05:00"

"383","Holiday FF 13 Overall 1st","http://local-static0.forum-files.fobby.net/forum_attachments/0035/9665/saturn.gif",,"B01NG! Z00M! Y0u beat ... whom?","forum.starmen.net/forum/Site/Newsroom/406029371/","2014-07-22 11:03:56","2014-07-22 11:04:52"

"384","Holiday FF 13 Overall 2nd","http://local-static1.forum-files.fobby.net/forum_attachments/0036/7576/tenda.gif",,"I-I’m the second best in the Holiday Funfest 2013, I just don’t like to brag about it","forum.starmen.net/forum/Site/Newsroom/406029371/","2014-07-22 11:04:38","2014-07-22 11:04:45"

"385","Holiday FF 13 Overall 3rd","http://local-static4.forum-files.fobby.net/forum_attachments/0036/7579/FlyingMan.gif",,"My courage made me the third best in the Holiday Funfest 2013!!","forum.starmen.net/forum/Site/Newsroom/406029371/","2014-07-22 11:06:00","2014-07-22 11:06:00"

"386","M25FF Overall Funky Award 1st","http://local-static0.forum-files.fobby.net/forum_attachments/0036/6460/mother25thFunkiest.gif","The hippest, grooviest, funkiest entry in the club. ","My Funk out-funks the rest","forum.starmen.net/forum/CurrentEvent/twentyfivemom/Contest-Categories-Prizes/","2014-07-31 13:13:35","2014-08-04 18:20:47"

"387","M25FF Overall Motherly Award 1st","http://local-static0.forum-files.fobby.net/forum_attachments/0036/8395/help.gif","The entry which best evokes the spirit of Mother. ","My love of Mother makes TWO Worlds go around.","http://forum.starmen.net/forum/CurrentEvent/twentyfivemom/Contest-Categories-Prizes/","2014-07-31 13:15:03","2014-08-04 18:45:09"

"388","M25FF Overall Lovely Award 1st","http://local-static2.forum-files.fobby.net/forum_attachments/0036/6502/loveliest.gif","The entry with the MOST most heart. ","I ε> Mother the mostest!","http://forum.starmen.net/forum/CurrentEvent/twentyfivemom/Contest-Categories-Prizes/","2014-07-31 13:16:42","2014-08-04 18:21:35"

"389","M25FF Overall Funky Award 2nd","http://local-static0.forum-files.fobby.net/forum_attachments/0036/6460/mother25thFunkiest.gif","The second hippest, grooviest, funkiest entry in the club. ","Certified Funky Fresh","forum.starmen.net/forum/CurrentEvent/twentyfivemom/Contest-Categories-Prizes/","2014-08-04 18:22:56","2014-08-04 18:22:56"

"390","M25FF Overall Funky Award 3rd","http://local-static0.forum-files.fobby.net/forum_attachments/0036/6460/mother25thFunkiest.gif","The third (strongest) hippest, grooviest, funkiest entry in the club. ","A funky seal for the funky freshness","forum.starmen.net/forum/CurrentEvent/twentyfivemom/Contest-Categories-Prizes/","2014-08-04 18:24:15","2014-08-04 18:24:15"

"391","M25FF Overall Motherly Award 2nd","http://local-static0.forum-files.fobby.net/forum_attachments/0036/8395/help.gif","The entry which secondly evokes the spirit of Mother. ","I've shown a MOTHER's love","http://forum.starmen.net/forum/CurrentEvent/twentyfivemom/Contest-Categories-Prizes/","2014-08-04 18:45:37","2014-08-04 18:45:37"

"392","M25FF Overall Motherly Award 3rd","http://local-static0.forum-files.fobby.net/forum_attachments/0036/8395/help.gif","The entry which thirdly evokes the spirit of Mother. ","Sort of a MOTHER 3 award?","http://forum.starmen.net/forum/CurrentEvent/twentyfivemom/Contest-Categories-Prizes/","2014-08-04 18:46:31","2014-08-04 18:46:31"

"393","M25FF Overall Lovely Award 2nd","http://local-static2.forum-files.fobby.net/forum_attachments/0036/6502/loveliest.gif","The entry with the second MOST most heart. ","A true lover of MOTHER","http://forum.starmen.net/forum/CurrentEvent/twentyfivemom/Contest-Categories-Prizes/","2014-08-04 18:47:23","2014-08-04 18:47:23"

"394","M25FF Overall Lovely Award 3rd","http://local-static2.forum-files.fobby.net/forum_attachments/0036/6502/loveliest.gif","The entry with the third STRONGEST heart. ","Loving and MOTHERing daily","http://forum.starmen.net/forum/CurrentEvent/twentyfivemom/Contest-Categories-Prizes/","2014-08-04 18:48:31","2014-08-04 18:48:31"

"395","Sith Saved The Day","http://local-static4.forum-files.fobby.net/forum_attachments/0036/7604/m1payphone.png","Sith managed to save several GPPs for the MOTHER 25th Fanfest","Saver of Games","http://forum.starmen.net/forum/Secret/twentyfive/Prizes/page/1#post2008538","2014-08-04 18:55:27","2014-08-04 18:55:27"

"396","MOTHER 25th Teddy Collab","http://local-static3.forum-files.fobby.net/forum_attachments/0036/8398/teddycollabbadge.gif","For participating in the Teddy Art Collab","I rocked this 25th Anniversary!","http://forum.starmen.net/forum/Fan/Forum/ART-COLLAB-Teddy-Takes-the-Stage/page/3#post2010351","2014-08-04 19:00:23","2014-08-04 19:00:23"

"397","Floating Heddy","http://local-static1.forum-files.fobby.net/forum_attachments/0036/8401/teddm.png","unfoundedrevenge impressed marcotto","Floating Heddy",,"2014-08-04 19:39:43","2014-08-04 19:40:44"

"398","Illustration Badge","http://local-static2.forum-files.fobby.net/forum_attachments/0036/7717/Chibiterasu_Badge_small.png","Illustration Badge for the Monthly Fanfic Art Contest",,,"2014-09-07 20:43:41","2014-09-09 17:22:26"

"399","Summers Art Collab!","http://local-static0.forum-files.fobby.net/forum_attachments/0037/0535/hunk.gif","Participation in the Summers Art Collab","Wish you were here!",,"2014-09-09 17:22:02","2014-09-09 17:22:02"

"400","Evan dumped acid on himself","http://local-static3.forum-files.fobby.net/forum_attachments/0037/0753/hydrochloric.png","See title","Why use ice water when you have industrial strength acid on hand? I mean come on if you're going to do something for charity you need to go all out! I'd wrestle ALS if I could. I'd wrestle it right here, right now. ","https://www.youtube.com/watch?v=muSBfR0nGXE","2014-09-09 19:44:20","2014-09-09 19:44:20"

"401","Made Marcotto Sad","http://local-static1.forum-files.fobby.net/forum_attachments/0037/0716/sadfobby.png","Made Marcotto Sad","All Marcotto wanted to do was to have some fun, and I made him cry instead.",,"2014-09-12 22:24:07","2014-09-12 22:24:07"

"402","!I believed in Smash","http://local-static3.forum-files.fobby.net/forum_attachments/0037/1018/believe_in_smash_2.png","Believed Marcotto's secret smash thing was real","Believe in the Smash that believes in you!",,"2014-09-12 22:25:26","2014-09-13 01:10:13"

"403","Red Friendship","http://local-static0.forum-files.fobby.net/forum_attachments/0037/1150/RED_FRIENDSHIP.png","J_Spade's half of the smash badge","FULL ON FRIENDSHIP",,"2014-09-13 16:49:28","2014-09-13 16:49:28"

"404","Blue Friendship","http://local-static3.forum-files.fobby.net/forum_attachments/0037/1153/BLUE_FRIENDSHIP.png","UnfoundedRevenge's half of the smash badge","I'll share but I get the bigger half",,"2014-09-13 16:50:42","2014-09-13 16:50:42"

"405","Super Flame Shield","http://local-static2.forum-files.fobby.net/forum_attachments/0037/3537/super_flame_shie_d.png",,"Supremely Logical",,"2014-10-06 14:47:43","2014-10-06 14:47:43"

"406","!smash collab","http://local-static1.forum-files.fobby.net/forum_attachments/0037/3216/challappbadge.png","given out to people who posted art in the smash bros collab","NEW CHALLENGER APPROACHING!",,"2014-10-12 19:31:41","2014-10-12 19:31:41"

"407","METAL GEARRR","http://local-static4.forum-files.fobby.net/forum_attachments/0037/3369/datgear.gif","DAT GEAR","DAT GEAR",,"2014-10-12 19:44:08","2014-10-12 19:44:08"

"408","! Lucas Memorial Collab","http://local-static2.forum-files.fobby.net/forum_attachments/0037/3372/remember_the_fallen.png","Lucas Memorial Collab","tfw no lucas",,"2014-10-12 19:54:12","2014-10-12 19:55:27"

"409","With a Hint of Lemony Lips","http://local-static0.forum-files.fobby.net/forum_attachments/0037/3375/kiss.png",,"Gotcha",,"2014-10-12 19:54:32","2014-10-12 19:54:32"

"410","Buck Fever's Assistant","http://local-static0.forum-files.fobby.net/forum_attachments/0037/4080/buckfeverfriendhelp.gif","Given sparingly to people who help Buck Fever out of a jam","Thank you, Iwata",,"2014-10-12 20:54:00","2014-10-12 20:54:00"

"411","PsychoKineticBeat's Round Smash Collab Badge","http://local-static4.forum-files.fobby.net/forum_attachments/0037/5964/challappbadge_1_.png","He only has round badges","NEW CHALLENGER APPROACHING!",,"2014-10-13 20:58:10","2014-10-27 14:19:19"

"412","PsychoKineticBeat's Round Lucas Collab Badge","http://local-static1.forum-files.fobby.net/forum_attachments/0037/5541/circus.png","He only has round badges","tfw no lucas",,"2014-10-13 20:58:41","2014-10-24 07:07:57"

"413","Riddles Lord","http://local-static4.forum-files.fobby.net/forum_attachments/0037/4244/laytonbadge.png","For people who run riddle topics well for a long time","Hint or Miss",,"2014-10-13 21:14:50","2014-10-13 21:14:50"

"414","!Video Game Riddles Bronze","http://local-static0.forum-files.fobby.net/forum_attachments/0037/5725/BronzeRiddlesBadge.png","For Unfounded's video game riddles","Riddled with knowledge",,"2014-11-05 19:36:33","2015-01-06 14:32:02"

"415","2014 Halloween Hack-Fest Crafts 1","http://local-static4.forum-files.fobby.net/forum_attachments/0037/1684/CandyCorn.png","Halloween Hack Crafts","Crafty Crafts!",,"2014-11-13 21:39:25","2014-11-13 21:39:25"

"416","2014 Halloween Hack-Fest Crafts 2","http://local-static2.forum-files.fobby.net/forum_attachments/0037/3012/CandyCorn_green.png","Halloween Hack Crafts","Crafty Crafts!",,"2014-11-13 21:39:33","2014-11-13 21:39:33"

"417","2014 Halloween Hack-Fest Crafts 3","http://local-static0.forum-files.fobby.net/forum_attachments/0037/3015/CandyCorn_purple.png","Halloween Hack Crafts","Crafty Crafts!",,"2014-11-13 21:39:37","2014-11-13 21:39:37"

"418","2014 Halloween Hack-Fest Crafts 4","http://local-static1.forum-files.fobby.net/forum_attachments/0037/3021/CandyCorn_red.png","Halloween Hack Crafts","Crafty Crafts!",,"2014-11-13 21:39:42","2014-11-13 21:39:42"

"419","2014 Halloween Hack-Fest Costume 1st","http://local-static4.forum-files.fobby.net/forum_attachments/0037/3039/WitchHat_power.gif","Costumes!","I'm a costumed crusader!",,"2014-11-13 21:44:30","2014-11-13 21:44:30"

"420","2014 Halloween Hack-Fest Judge!","http://local-static2.forum-files.fobby.net/forum_attachments/0037/1702/WitchHat.gif","JUDGE","A Wizened Wiz",,"2014-11-13 21:44:47","2014-11-13 21:44:47"

"421","2014 Halloween Hack-Fest Costume 2nd","http://local-static1.forum-files.fobby.net/forum_attachments/0037/3036/WitchHat_blue.png","Costumes!","Costumed and Consumed",,"2014-11-13 21:45:20","2014-11-13 21:45:20"

"422","2014 Halloween Hack-Fest Costume 3rd","http://local-static0.forum-files.fobby.net/forum_attachments/0037/3030/WitchHat_grey.png","Costumes!","The Third Strongest Costumer",,"2014-11-13 21:45:23","2014-11-13 21:45:23"

"423","2014 Halloween Hack-Fest Participation","http://local-static0.forum-files.fobby.net/forum_attachments/0037/3045/skull_grey.png","Participation in the 2014 Halloween Hack Fest","I Spooked Someone!",,"2014-11-13 21:52:07","2014-11-13 21:52:07"

"424","2014 Halloween Hack-Fest Art!","http://local-static3.forum-files.fobby.net/forum_attachments/0037/3048/skull_green.png","2014 Halloween Art winner!","An Artistic and Spooky Individual!",,"2014-11-13 21:52:10","2014-11-13 21:52:10"

"425","2014 Halloween Hack-Fest Writing","http://local-static1.forum-files.fobby.net/forum_attachments/0037/3051/skull_cyan.png","2014 Halloween Writing winner!","I'll Send Chills Down Your Book Spine!",,"2014-11-13 21:52:12","2014-11-13 21:52:12"

"426","2014 Halloween Hack-Fest Music/Video","http://local-static4.forum-files.fobby.net/forum_attachments/0037/3054/skull_red.png","2014 Halloween Music Winner!","Catch my new hit single, Spooky Jams!",,"2014-11-13 21:52:14","2014-11-13 21:52:14"

"427","2014 Halloween Hack-Fest Hacks","http://local-static2.forum-files.fobby.net/forum_attachments/0037/3057/skull_purple.png","2014 Halloween Hacks Winner","Hacked You to Pieces",,"2014-11-13 21:52:16","2014-11-13 21:52:16"

"428","Master Kraken Hunter!","http://local-static0.forum-files.fobby.net/forum_attachments/0037/7495/master_kraken_hunter_by_dragondeplatino-d82rlmy.png","Found DDP's hidden Krakens in MOTHER 25th Anniversary Edition","Krakalackin! I found M25’s Kraken!","http://forum.starmen.net/forum/Community/PKHack/Mother-25th-Anniversary-Edition/page/1#post2009440","2014-11-13 22:11:38","2014-11-15 19:37:10"

"429","2014 Halloween Hack-Fest Crafts 1 Round PKB","http://local-static4.forum-files.fobby.net/forum_attachments/0037/7504/roundcandycorn.png","Halloween Hack Crafts for PsychoKineticBeats","Crafty Crafts Round Edition!",,"2014-11-13 23:27:06","2014-11-13 23:27:06"

"430","2014 Halloween Hack-Fest Crafts 2 Round PKB","http://local-static3.forum-files.fobby.net/forum_attachments/0037/7513/roundcandycorn4.png","Halloween Hack Crafts for PsychoKineticBeats","Crafty Crafts Round Edition!",,"2014-11-13 23:34:50","2014-11-13 23:34:50"

"431","2014 Halloween Hack-Fest Crafts 3 Round PKB","http://local-static0.forum-files.fobby.net/forum_attachments/0037/7510/roundcandycorn3.png","Halloween Hack Crafts for PsychoKineticBeats","Crafty Crafts Round Edition!",,"2014-11-13 23:35:33","2014-11-13 23:35:33"

"432","2014 Halloween Hack-Fest Crafts 4 Round PKB","http://local-static2.forum-files.fobby.net/forum_attachments/0037/7507/roundcandycorn2.png","Halloween Hack Crafts for PsychoKineticBeats","Crafty Crafts Round Edition!",,"2014-11-13 23:36:05","2014-11-13 23:36:05"

"433","Veteran's Day Pokemon OU Winner","http://local-static4.forum-files.fobby.net/forum_attachments/0037/7874/char_by_psirobot-d86s5kh.gif","For the Veteran's Day Casual Pokemon Contest","Starmen.net Casual Pokemon Tournament 2014 OU winner!",,"2014-11-20 00:12:23","2014-11-20 00:12:23"

"434","Veteran's Day Pokemon UU Winner","http://local-static1.forum-files.fobby.net/forum_attachments/0037/7871/snor_by_psirobot-d86s5k2.gif","For the Veteran's Day Casual Pokemon Contest","Starmen.net Casual Pokemon Tournament 2014 UU winner!",,"2014-11-20 00:12:41","2014-11-20 00:12:41"

"435","Veteran's Day Pokemon Little Cup Winner","http://local-static2.forum-files.fobby.net/forum_attachments/0037/8112/Trozeiani158.gif","For the Veteran's Day Casual Pokemon Contest","Starmen.net Casual Pokemon Tournament 2014 Little Cup winner!",,"2014-11-20 00:12:51","2014-11-20 00:12:51"

"436","Veteran's Day Casual Pokemon Participation","http://local-static0.forum-files.fobby.net/forum_attachments/0037/7865/Casual_Badge_1.png","For the Veteran's Day Casual Pokemon Contest","Starmen.net Casual Pokemon Tournament 2014 Participant!",,"2014-11-20 00:13:01","2014-11-20 00:13:01"

"437","TLC's OCD O","http://local-static4.forum-files.fobby.net/forum_attachments/0037/4749/O_Badge.png","TLC is OCD","Obsessive",,"2014-11-20 01:45:04","2014-11-20 01:45:04"

"438","TLC's OCD D","http://local-static0.forum-files.fobby.net/forum_attachments/0037/4755/D_Badge.png","TLC is OCD","Disorder",,"2014-11-20 01:46:04","2014-11-20 01:46:04"

"439","TLC's OCD C","http://local-static2.forum-files.fobby.net/forum_attachments/0037/4752/C_Badge.png","TLC is OCD ","Compulsive",,"2014-11-20 01:46:11","2014-11-20 01:46:11"

"440","Buck Fever and Dr. Hobo's Guessing Game ft Kid Icarus","http://local-static2.forum-files.fobby.net/forum_attachments/0037/8562/pitmaybeidk.png","They're game masters","You Guessedicus Correcticus!",,"2014-11-25 14:41:11","2014-11-25 14:41:11"

"441","!Video Game Riddles Silver","http://local-static3.forum-files.fobby.net/forum_attachments/0037/5728/SilverRiddlesBadge.png","For Unfounded's video game riddles",,,"2014-12-02 23:24:34","2014-12-02 23:24:34"

"442","GURL POWAH","http://local-static4.forum-files.fobby.net/forum_attachments/0037/9849/GIRLS.gif","MOTHER Female Protag collab thing","We can DID it!","http://forum.starmen.net/forum/Fan/Forum/ART-COLLAB-We-Can-Do-It/first","2014-12-15 11:34:47","2014-12-15 11:35:41"

"443","Mr. Vort Made a Mistake","http://local-static0.forum-files.fobby.net/forum_attachments/0037/9995/he.gif","HE","HE",,"2014-12-18 00:04:46","2014-12-18 00:04:46"

"444","PKBeats Final Unique Badge","http://hobo.waluigiworld.com/badgehidegif.php?q=pkbeats","gettin real tired of this","Reality is subjective","http://forum.starmen.net/forum/Fan/Forum/ART-COLLAB-We-Can-Do-It/first","2014-12-18 01:21:28","2014-12-19 04:04:55"

"445","Secret Santa Backup","http://local-static1.forum-files.fobby.net/forum_attachments/0038/0426/backup_badge.gif","given to 22hunter for repeatedly fulfilling forgotten secret santas","WHERE THE HELL'S MY PREZZIE",,"2014-12-24 13:30:21","2014-12-24 13:30:21"

"446","MOTHER1 Riddles 1 Win","http://local-static2.forum-files.fobby.net/forum_attachments/0037/9222/cerebronze.png","For MOTHER1 Riddles","I'm a brainiac!",,"2015-01-02 22:01:58","2015-01-02 22:01:58"

"447","MOTHER1 Riddles 2 Wins","http://local-static0.forum-files.fobby.net/forum_attachments/0037/9225/ceresilv.png","For MOTHER1 Riddles","Smarter than the average brain!",,"2015-01-02 22:03:02","2015-01-02 22:03:02"

"448","MOTHER1 Riddles 3 Wins","http://local-static3.forum-files.fobby.net/forum_attachments/0037/9228/ceregold.png","For MOTHER1 Riddles","My brain belongs in a museum!",,"2015-01-02 22:03:34","2015-01-02 22:03:34"

"449","Video Game Riddles Gold","http://local-static1.forum-files.fobby.net/forum_attachments/0037/5731/GoldRiddlesBadge.png","For Unfounded's video game riddles","Call me the Game Master",,"2015-01-06 14:31:33","2015-01-06 14:31:33"

